Datetime (UTC),Country,Zone name,Zone id,carbon_intensity,Carbon intensity gCOâ‚‚eq/kWh (Life cycle),Carbon-free energy percentage (CFE%),Renewable energy percentage (RE%),Data source,Data estimated,Data estimation method,date
2024-10-01 00:00:00,Denmark,Denmark,DK,49.19,84.23,93.27,85.68,entsoe.eu,False,,2024-10-01 00:00:00
2024-10-01 01:00:00,Denmark,Denmark,DK,49.38,84.9,93.17,84.98,entsoe.eu,False,,2024-10-01 01:00:00
2024-10-01 02:00:00,Denmark,Denmark,DK,47.2,81.59,93.45,85.31,entsoe.eu,False,,2024-10-01 02:00:00
2024-10-01 03:00:00,Denmark,Denmark,DK,30.32,60.95,95.44,90.1,entsoe.eu,False,,2024-10-01 03:00:00
2024-10-01 04:00:00,Denmark,Denmark,DK,20.13,51.56,96.67,91.16,entsoe.eu,False,,2024-10-01 04:00:00
2024-10-01 05:00:00,Denmark,Denmark,DK,20.69,51.78,96.43,91.37,entsoe.eu,False,,2024-10-01 05:00:00
2024-10-01 06:00:00,Denmark,Denmark,DK,22.28,52.54,96.04,91.31,entsoe.eu,False,,2024-10-01 06:00:00
2024-10-01 07:00:00,Denmark,Denmark,DK,20.99,50.78,96.28,91.7,entsoe.eu,False,,2024-10-01 07:00:00
2024-10-01 08:00:00,Denmark,Denmark,DK,22.26,52.31,96.08,91.96,entsoe.eu,False,,2024-10-01 08:00:00
2024-10-01 09:00:00,Denmark,Denmark,DK,20.71,51.62,96.26,92.74,entsoe.eu,False,,2024-10-01 09:00:00
2024-10-01 10:00:00,Denmark,Denmark,DK,19.39,50.57,96.44,93.07,entsoe.eu,False,,2024-10-01 10:00:00
2024-10-01 11:00:00,Denmark,Denmark,DK,17.09,47.26,96.93,93.49,entsoe.eu,False,,2024-10-01 11:00:00
2024-10-01 12:00:00,Denmark,Denmark,DK,18.78,49.2,96.6,92.6,entsoe.eu,False,,2024-10-01 12:00:00
2024-10-01 13:00:00,Denmark,Denmark,DK,19.19,50.06,96.54,92.16,entsoe.eu,False,,2024-10-01 13:00:00
2024-10-01 14:00:00,Denmark,Denmark,DK,19.38,49.8,96.41,90.91,entsoe.eu,False,,2024-10-01 14:00:00
2024-10-01 15:00:00,Denmark,Denmark,DK,22.95,53.78,95.91,90.32,entsoe.eu,False,,2024-10-01 15:00:00
2024-10-01 16:00:00,Denmark,Denmark,DK,24.94,59.04,95.57,89.81,entsoe.eu,False,,2024-10-01 16:00:00
2024-10-01 17:00:00,Denmark,Denmark,DK,34.51,73.21,93.33,87.87,entsoe.eu,False,,2024-10-01 17:00:00
2024-10-01 18:00:00,Denmark,Denmark,DK,31.06,67.52,94.22,88.53,entsoe.eu,False,,2024-10-01 18:00:00
2024-10-01 19:00:00,Denmark,Denmark,DK,27.83,63.69,94.84,88.01,entsoe.eu,False,,2024-10-01 19:00:00
2024-10-01 20:00:00,Denmark,Denmark,DK,23.24,56.82,95.74,88.54,entsoe.eu,False,,2024-10-01 20:00:00
2024-10-01 21:00:00,Denmark,Denmark,DK,21.84,56.7,96.09,89.42,entsoe.eu,False,,2024-10-01 21:00:00
2024-10-01 22:00:00,Denmark,Denmark,DK,22.94,58.05,95.91,89.1,entsoe.eu,False,,2024-10-01 22:00:00
2024-10-01 23:00:00,Denmark,Denmark,DK,27.3,62.06,95.16,89.14,entsoe.eu,False,,2024-10-01 23:00:00
2024-10-02 00:00:00,Denmark,Denmark,DK,27.79,62.6,95.18,89.52,entsoe.eu,False,,2024-10-02 00:00:00
2024-10-02 01:00:00,Denmark,Denmark,DK,27.98,62.7,95.28,89.02,entsoe.eu,False,,2024-10-02 01:00:00
2024-10-02 02:00:00,Denmark,Denmark,DK,27.01,61.42,95.42,89.07,entsoe.eu,False,,2024-10-02 02:00:00
2024-10-02 03:00:00,Denmark,Denmark,DK,33.79,69.82,94.56,88.23,entsoe.eu,False,,2024-10-02 03:00:00
2024-10-02 04:00:00,Denmark,Denmark,DK,32.97,67.85,94.59,88.09,entsoe.eu,False,,2024-10-02 04:00:00
2024-10-02 05:00:00,Denmark,Denmark,DK,36.28,74.19,94.04,88.23,entsoe.eu,False,,2024-10-02 05:00:00
2024-10-02 06:00:00,Denmark,Denmark,DK,67.95,112.38,89.96,85.87,entsoe.eu,False,,2024-10-02 06:00:00
2024-10-02 07:00:00,Denmark,Denmark,DK,50.8,92.46,91.99,87.26,entsoe.eu,False,,2024-10-02 07:00:00
2024-10-02 08:00:00,Denmark,Denmark,DK,29.13,67.97,95.1,92.63,entsoe.eu,False,,2024-10-02 08:00:00
2024-10-02 09:00:00,Denmark,Denmark,DK,25.83,64.71,95.65,94.9,entsoe.eu,False,,2024-10-02 09:00:00
2024-10-02 10:00:00,Denmark,Denmark,DK,27.29,67.51,95.57,95.04,entsoe.eu,False,,2024-10-02 10:00:00
2024-10-02 11:00:00,Denmark,Denmark,DK,27.56,69.23,95.56,94.14,entsoe.eu,False,,2024-10-02 11:00:00
2024-10-02 12:00:00,Denmark,Denmark,DK,29.58,71.79,95.18,92.25,entsoe.eu,False,,2024-10-02 12:00:00
2024-10-02 13:00:00,Denmark,Denmark,DK,31.25,72.55,94.69,90.0,entsoe.eu,False,,2024-10-02 13:00:00
2024-10-02 14:00:00,Denmark,Denmark,DK,39.66,82.33,92.9,87.72,entsoe.eu,False,,2024-10-02 14:00:00
2024-10-02 15:00:00,Denmark,Denmark,DK,61.96,108.86,88.91,83.73,entsoe.eu,False,,2024-10-02 15:00:00
2024-10-02 16:00:00,Denmark,Denmark,DK,67.83,117.07,87.86,81.56,entsoe.eu,False,,2024-10-02 16:00:00
2024-10-02 17:00:00,Denmark,Denmark,DK,58.67,107.26,89.76,83.01,entsoe.eu,False,,2024-10-02 17:00:00
2024-10-02 18:00:00,Denmark,Denmark,DK,55.03,106.62,90.24,83.47,entsoe.eu,False,,2024-10-02 18:00:00
2024-10-02 19:00:00,Denmark,Denmark,DK,60.0,111.44,89.06,81.76,entsoe.eu,False,,2024-10-02 19:00:00
2024-10-02 20:00:00,Denmark,Denmark,DK,54.37,105.05,90.53,83.42,entsoe.eu,False,,2024-10-02 20:00:00
2024-10-02 21:00:00,Denmark,Denmark,DK,37.83,83.53,93.69,85.82,entsoe.eu,False,,2024-10-02 21:00:00
2024-10-02 22:00:00,Denmark,Denmark,DK,36.27,77.52,94.0,86.4,entsoe.eu,False,,2024-10-02 22:00:00
2024-10-02 23:00:00,Denmark,Denmark,DK,32.19,71.39,94.6,86.15,entsoe.eu,False,,2024-10-02 23:00:00
2024-10-03 00:00:00,Denmark,Denmark,DK,32.28,69.99,94.75,85.04,entsoe.eu,False,,2024-10-03 00:00:00
2024-10-03 01:00:00,Denmark,Denmark,DK,27.88,68.61,95.25,85.46,entsoe.eu,False,,2024-10-03 01:00:00
2024-10-03 02:00:00,Denmark,Denmark,DK,38.1,77.89,94.09,85.17,entsoe.eu,False,,2024-10-03 02:00:00
2024-10-03 03:00:00,Denmark,Denmark,DK,36.33,74.71,94.31,85.06,entsoe.eu,False,,2024-10-03 03:00:00
2024-10-03 04:00:00,Denmark,Denmark,DK,52.63,94.04,92.44,84.15,entsoe.eu,False,,2024-10-03 04:00:00
2024-10-03 05:00:00,Denmark,Denmark,DK,65.13,110.07,90.85,82.82,entsoe.eu,False,,2024-10-03 05:00:00
2024-10-03 06:00:00,Denmark,Denmark,DK,63.35,112.87,91.25,84.17,entsoe.eu,False,,2024-10-03 06:00:00
2024-10-03 07:00:00,Denmark,Denmark,DK,47.14,92.12,93.04,86.34,entsoe.eu,False,,2024-10-03 07:00:00
2024-10-03 08:00:00,Denmark,Denmark,DK,30.04,72.85,95.01,88.94,entsoe.eu,False,,2024-10-03 08:00:00
2024-10-03 09:00:00,Denmark,Denmark,DK,27.28,71.48,95.25,89.08,entsoe.eu,False,,2024-10-03 09:00:00
2024-10-03 10:00:00,Denmark,Denmark,DK,27.31,71.21,95.28,89.14,entsoe.eu,False,,2024-10-03 10:00:00
2024-10-03 11:00:00,Denmark,Denmark,DK,30.76,75.89,94.69,89.55,entsoe.eu,False,,2024-10-03 11:00:00
2024-10-03 12:00:00,Denmark,Denmark,DK,30.33,74.55,94.65,89.42,entsoe.eu,False,,2024-10-03 12:00:00
2024-10-03 13:00:00,Denmark,Denmark,DK,32.2,75.18,94.36,87.36,entsoe.eu,False,,2024-10-03 13:00:00
2024-10-03 14:00:00,Denmark,Denmark,DK,37.31,84.54,93.64,84.53,entsoe.eu,False,,2024-10-03 14:00:00
2024-10-03 15:00:00,Denmark,Denmark,DK,65.68,124.05,90.0,80.41,entsoe.eu,False,,2024-10-03 15:00:00
2024-10-03 16:00:00,Denmark,Denmark,DK,118.9,179.9,83.86,74.19,entsoe.eu,False,,2024-10-03 16:00:00
2024-10-03 17:00:00,Denmark,Denmark,DK,121.03,182.49,83.76,74.64,entsoe.eu,False,,2024-10-03 17:00:00
2024-10-03 18:00:00,Denmark,Denmark,DK,114.1,177.19,83.54,73.86,entsoe.eu,False,,2024-10-03 18:00:00
2024-10-03 19:00:00,Denmark,Denmark,DK,108.86,173.03,83.53,73.47,entsoe.eu,False,,2024-10-03 19:00:00
2024-10-03 20:00:00,Denmark,Denmark,DK,98.24,163.44,86.24,75.69,entsoe.eu,False,,2024-10-03 20:00:00
2024-10-03 21:00:00,Denmark,Denmark,DK,96.31,157.98,86.72,74.69,entsoe.eu,False,,2024-10-03 21:00:00
2024-10-03 22:00:00,Denmark,Denmark,DK,97.96,159.3,86.45,73.39,entsoe.eu,False,,2024-10-03 22:00:00
2024-10-03 23:00:00,Denmark,Denmark,DK,99.77,159.81,86.29,72.83,entsoe.eu,False,,2024-10-03 23:00:00
2024-10-04 00:00:00,Denmark,Denmark,DK,89.79,150.42,87.23,74.15,entsoe.eu,False,,2024-10-04 00:00:00
2024-10-04 01:00:00,Denmark,Denmark,DK,66.4,125.94,89.19,76.34,entsoe.eu,False,,2024-10-04 01:00:00
2024-10-04 02:00:00,Denmark,Denmark,DK,67.54,127.65,88.45,75.25,entsoe.eu,False,,2024-10-04 02:00:00
2024-10-04 03:00:00,Denmark,Denmark,DK,66.6,128.35,88.22,75.16,entsoe.eu,False,,2024-10-04 03:00:00
2024-10-04 04:00:00,Denmark,Denmark,DK,100.7,169.49,81.55,71.01,entsoe.eu,False,,2024-10-04 04:00:00
2024-10-04 05:00:00,Denmark,Denmark,DK,111.67,185.43,78.72,69.85,entsoe.eu,False,,2024-10-04 05:00:00
2024-10-04 06:00:00,Denmark,Denmark,DK,155.92,228.0,77.04,71.69,entsoe.eu,False,,2024-10-04 06:00:00
2024-10-04 07:00:00,Denmark,Denmark,DK,127.26,193.71,80.76,75.91,entsoe.eu,False,,2024-10-04 07:00:00
2024-10-04 08:00:00,Denmark,Denmark,DK,74.63,139.17,87.3,81.68,entsoe.eu,False,,2024-10-04 08:00:00
2024-10-04 09:00:00,Denmark,Denmark,DK,55.18,116.03,89.83,83.96,entsoe.eu,False,,2024-10-04 09:00:00
2024-10-04 10:00:00,Denmark,Denmark,DK,45.15,103.53,92.02,86.39,entsoe.eu,False,,2024-10-04 10:00:00
2024-10-04 11:00:00,Denmark,Denmark,DK,44.03,98.14,92.24,85.87,entsoe.eu,False,,2024-10-04 11:00:00
2024-10-04 12:00:00,Denmark,Denmark,DK,45.5,102.45,91.93,85.48,entsoe.eu,False,,2024-10-04 12:00:00
2024-10-04 13:00:00,Denmark,Denmark,DK,56.64,113.44,90.01,82.86,entsoe.eu,False,,2024-10-04 13:00:00
2024-10-04 14:00:00,Denmark,Denmark,DK,72.94,135.78,86.48,77.38,entsoe.eu,False,,2024-10-04 14:00:00
2024-10-04 15:00:00,Denmark,Denmark,DK,89.02,155.55,82.99,72.14,entsoe.eu,False,,2024-10-04 15:00:00
2024-10-04 16:00:00,Denmark,Denmark,DK,103.49,171.57,79.89,67.17,entsoe.eu,False,,2024-10-04 16:00:00
2024-10-04 17:00:00,Denmark,Denmark,DK,90.05,159.06,82.42,69.4,entsoe.eu,False,,2024-10-04 17:00:00
2024-10-04 18:00:00,Denmark,Denmark,DK,93.67,156.16,83.06,69.8,entsoe.eu,False,,2024-10-04 18:00:00
2024-10-04 19:00:00,Denmark,Denmark,DK,84.69,148.03,85.13,71.32,entsoe.eu,False,,2024-10-04 19:00:00
2024-10-04 20:00:00,Denmark,Denmark,DK,86.6,150.63,84.74,71.69,entsoe.eu,False,,2024-10-04 20:00:00
2024-10-04 21:00:00,Denmark,Denmark,DK,85.12,148.81,85.05,71.81,entsoe.eu,False,,2024-10-04 21:00:00
2024-10-04 22:00:00,Denmark,Denmark,DK,79.29,142.65,86.73,72.96,entsoe.eu,False,,2024-10-04 22:00:00
2024-10-04 23:00:00,Denmark,Denmark,DK,53.29,113.78,90.74,74.89,entsoe.eu,False,,2024-10-04 23:00:00
2024-10-05 00:00:00,Denmark,Denmark,DK,52.44,112.1,91.3,75.88,entsoe.eu,False,,2024-10-05 00:00:00
2024-10-05 01:00:00,Denmark,Denmark,DK,63.64,125.47,88.98,74.27,entsoe.eu,False,,2024-10-05 01:00:00
2024-10-05 02:00:00,Denmark,Denmark,DK,59.84,121.17,89.11,74.71,entsoe.eu,False,,2024-10-05 02:00:00
2024-10-05 03:00:00,Denmark,Denmark,DK,51.05,104.86,91.53,76.42,entsoe.eu,False,,2024-10-05 03:00:00
2024-10-05 04:00:00,Denmark,Denmark,DK,51.69,109.8,91.25,75.69,entsoe.eu,False,,2024-10-05 04:00:00
2024-10-05 05:00:00,Denmark,Denmark,DK,72.98,132.74,88.52,74.63,entsoe.eu,False,,2024-10-05 05:00:00
2024-10-05 06:00:00,Denmark,Denmark,DK,89.85,152.47,85.71,73.9,entsoe.eu,False,,2024-10-05 06:00:00
2024-10-05 07:00:00,Denmark,Denmark,DK,84.54,141.75,86.15,74.55,entsoe.eu,False,,2024-10-05 07:00:00
2024-10-05 08:00:00,Denmark,Denmark,DK,51.43,103.64,91.0,80.19,entsoe.eu,False,,2024-10-05 08:00:00
2024-10-05 09:00:00,Denmark,Denmark,DK,41.28,90.63,92.6,82.58,entsoe.eu,False,,2024-10-05 09:00:00
2024-10-05 10:00:00,Denmark,Denmark,DK,40.01,88.32,92.81,83.11,entsoe.eu,False,,2024-10-05 10:00:00
2024-10-05 11:00:00,Denmark,Denmark,DK,37.64,82.77,93.21,81.63,entsoe.eu,False,,2024-10-05 11:00:00
2024-10-05 12:00:00,Denmark,Denmark,DK,37.12,82.92,93.31,81.53,entsoe.eu,False,,2024-10-05 12:00:00
2024-10-05 13:00:00,Denmark,Denmark,DK,40.41,90.26,92.7,81.87,entsoe.eu,False,,2024-10-05 13:00:00
2024-10-05 14:00:00,Denmark,Denmark,DK,50.02,105.09,90.87,79.7,entsoe.eu,False,,2024-10-05 14:00:00
2024-10-05 15:00:00,Denmark,Denmark,DK,75.77,137.62,86.13,74.29,entsoe.eu,False,,2024-10-05 15:00:00
2024-10-05 16:00:00,Denmark,Denmark,DK,88.67,152.3,82.68,69.9,entsoe.eu,False,,2024-10-05 16:00:00
2024-10-05 17:00:00,Denmark,Denmark,DK,111.78,176.19,78.51,66.44,entsoe.eu,False,,2024-10-05 17:00:00
2024-10-05 18:00:00,Denmark,Denmark,DK,111.17,178.05,79.36,67.97,entsoe.eu,False,,2024-10-05 18:00:00
2024-10-05 19:00:00,Denmark,Denmark,DK,98.96,158.26,81.48,68.88,entsoe.eu,False,,2024-10-05 19:00:00
2024-10-05 20:00:00,Denmark,Denmark,DK,74.27,131.6,85.69,71.92,entsoe.eu,False,,2024-10-05 20:00:00
2024-10-05 21:00:00,Denmark,Denmark,DK,45.44,97.45,91.51,75.87,entsoe.eu,False,,2024-10-05 21:00:00
2024-10-05 22:00:00,Denmark,Denmark,DK,48.43,94.7,90.75,75.04,entsoe.eu,False,,2024-10-05 22:00:00
2024-10-05 23:00:00,Denmark,Denmark,DK,40.17,84.92,92.28,76.2,entsoe.eu,False,,2024-10-05 23:00:00
2024-10-06 00:00:00,Denmark,Denmark,DK,38.26,83.69,92.67,76.33,entsoe.eu,False,,2024-10-06 00:00:00
2024-10-06 01:00:00,Denmark,Denmark,DK,40.29,85.08,92.36,76.31,entsoe.eu,False,,2024-10-06 01:00:00
2024-10-06 02:00:00,Denmark,Denmark,DK,36.86,82.33,93.01,76.9,entsoe.eu,False,,2024-10-06 02:00:00
2024-10-06 03:00:00,Denmark,Denmark,DK,35.13,79.07,93.39,77.73,entsoe.eu,False,,2024-10-06 03:00:00
2024-10-06 04:00:00,Denmark,Denmark,DK,35.48,76.52,93.3,77.84,entsoe.eu,False,,2024-10-06 04:00:00
2024-10-06 05:00:00,Denmark,Denmark,DK,48.16,91.5,90.85,75.81,entsoe.eu,False,,2024-10-06 05:00:00
2024-10-06 06:00:00,Denmark,Denmark,DK,41.53,88.74,92.89,82.35,entsoe.eu,False,,2024-10-06 06:00:00
2024-10-06 07:00:00,Denmark,Denmark,DK,45.39,95.57,92.67,83.07,entsoe.eu,False,,2024-10-06 07:00:00
2024-10-06 08:00:00,Denmark,Denmark,DK,40.3,91.2,92.8,83.85,entsoe.eu,False,,2024-10-06 08:00:00
2024-10-06 09:00:00,Denmark,Denmark,DK,42.44,93.55,93.11,83.98,entsoe.eu,False,,2024-10-06 09:00:00
2024-10-06 10:00:00,Denmark,Denmark,DK,48.22,100.22,92.49,85.8,entsoe.eu,False,,2024-10-06 10:00:00
2024-10-06 11:00:00,Denmark,Denmark,DK,51.77,106.73,91.83,86.99,entsoe.eu,False,,2024-10-06 11:00:00
2024-10-06 12:00:00,Denmark,Denmark,DK,76.76,135.57,88.6,87.64,entsoe.eu,False,,2024-10-06 12:00:00
2024-10-06 13:00:00,Denmark,Denmark,DK,68.42,127.15,89.28,85.24,entsoe.eu,False,,2024-10-06 13:00:00
2024-10-06 14:00:00,Denmark,Denmark,DK,50.15,103.96,91.24,82.47,entsoe.eu,False,,2024-10-06 14:00:00
2024-10-06 15:00:00,Denmark,Denmark,DK,66.2,126.69,88.38,80.2,entsoe.eu,False,,2024-10-06 15:00:00
2024-10-06 16:00:00,Denmark,Denmark,DK,67.6,122.82,88.54,78.64,entsoe.eu,False,,2024-10-06 16:00:00
2024-10-06 17:00:00,Denmark,Denmark,DK,59.07,108.54,90.09,80.94,entsoe.eu,False,,2024-10-06 17:00:00
2024-10-06 18:00:00,Denmark,Denmark,DK,45.77,88.69,92.28,83.71,entsoe.eu,False,,2024-10-06 18:00:00
2024-10-06 19:00:00,Denmark,Denmark,DK,47.97,91.05,91.68,84.78,entsoe.eu,False,,2024-10-06 19:00:00
2024-10-06 20:00:00,Denmark,Denmark,DK,39.07,80.91,93.05,86.98,entsoe.eu,False,,2024-10-06 20:00:00
2024-10-06 21:00:00,Denmark,Denmark,DK,49.97,93.42,91.45,86.15,entsoe.eu,False,,2024-10-06 21:00:00
2024-10-06 22:00:00,Denmark,Denmark,DK,63.74,106.14,90.42,83.64,entsoe.eu,False,,2024-10-06 22:00:00
2024-10-06 23:00:00,Denmark,Denmark,DK,68.59,111.92,89.78,82.53,entsoe.eu,False,,2024-10-06 23:00:00
2024-10-07 00:00:00,Denmark,Denmark,DK,79.83,125.98,88.07,80.68,entsoe.eu,False,,2024-10-07 00:00:00
2024-10-07 01:00:00,Denmark,Denmark,DK,78.29,123.19,87.78,79.38,entsoe.eu,False,,2024-10-07 01:00:00
2024-10-07 02:00:00,Denmark,Denmark,DK,62.31,103.29,90.49,82.42,entsoe.eu,False,,2024-10-07 02:00:00
2024-10-07 03:00:00,Denmark,Denmark,DK,36.41,74.96,93.63,84.67,entsoe.eu,False,,2024-10-07 03:00:00
2024-10-07 04:00:00,Denmark,Denmark,DK,35.92,74.6,93.88,86.04,entsoe.eu,False,,2024-10-07 04:00:00
2024-10-07 05:00:00,Denmark,Denmark,DK,27.38,63.87,95.04,87.38,entsoe.eu,False,,2024-10-07 05:00:00
2024-10-07 06:00:00,Denmark,Denmark,DK,27.29,63.1,95.16,87.93,entsoe.eu,False,,2024-10-07 06:00:00
2024-10-07 07:00:00,Denmark,Denmark,DK,28.33,63.6,95.34,88.49,entsoe.eu,False,,2024-10-07 07:00:00
2024-10-07 08:00:00,Denmark,Denmark,DK,24.36,57.86,95.81,88.46,entsoe.eu,False,,2024-10-07 08:00:00
2024-10-07 09:00:00,Denmark,Denmark,DK,25.67,58.55,95.56,88.44,entsoe.eu,False,,2024-10-07 09:00:00
2024-10-07 10:00:00,Denmark,Denmark,DK,32.38,66.54,94.23,88.42,entsoe.eu,False,,2024-10-07 10:00:00
2024-10-07 11:00:00,Denmark,Denmark,DK,34.14,68.99,93.9,89.01,entsoe.eu,False,,2024-10-07 11:00:00
2024-10-07 12:00:00,Denmark,Denmark,DK,32.49,67.75,94.33,87.75,entsoe.eu,False,,2024-10-07 12:00:00
2024-10-07 13:00:00,Denmark,Denmark,DK,37.88,73.81,93.47,85.73,entsoe.eu,False,,2024-10-07 13:00:00
2024-10-07 14:00:00,Denmark,Denmark,DK,51.23,92.22,90.3,81.49,entsoe.eu,False,,2024-10-07 14:00:00
2024-10-07 15:00:00,Denmark,Denmark,DK,76.71,126.52,84.94,75.48,entsoe.eu,False,,2024-10-07 15:00:00
2024-10-07 16:00:00,Denmark,Denmark,DK,99.69,158.54,80.04,70.17,entsoe.eu,False,,2024-10-07 16:00:00
2024-10-07 17:00:00,Denmark,Denmark,DK,120.41,187.46,76.11,65.93,entsoe.eu,False,,2024-10-07 17:00:00
2024-10-07 18:00:00,Denmark,Denmark,DK,91.4,150.43,83.15,72.4,entsoe.eu,False,,2024-10-07 18:00:00
2024-10-07 19:00:00,Denmark,Denmark,DK,87.16,146.07,84.28,72.39,entsoe.eu,False,,2024-10-07 19:00:00
2024-10-07 20:00:00,Denmark,Denmark,DK,81.1,139.41,85.5,73.38,entsoe.eu,False,,2024-10-07 20:00:00
2024-10-07 21:00:00,Denmark,Denmark,DK,62.88,116.57,89.57,76.01,entsoe.eu,False,,2024-10-07 21:00:00
2024-10-07 22:00:00,Denmark,Denmark,DK,54.95,107.72,90.12,74.87,entsoe.eu,False,,2024-10-07 22:00:00
2024-10-07 23:00:00,Denmark,Denmark,DK,70.39,126.07,87.54,72.07,entsoe.eu,False,,2024-10-07 23:00:00
2024-10-08 00:00:00,Denmark,Denmark,DK,67.89,122.94,88.1,72.63,entsoe.eu,False,,2024-10-08 00:00:00
2024-10-08 01:00:00,Denmark,Denmark,DK,67.65,121.43,88.25,72.47,entsoe.eu,False,,2024-10-08 01:00:00
2024-10-08 02:00:00,Denmark,Denmark,DK,64.83,117.52,88.62,73.62,entsoe.eu,False,,2024-10-08 02:00:00
2024-10-08 03:00:00,Denmark,Denmark,DK,66.34,116.43,88.5,74.25,entsoe.eu,False,,2024-10-08 03:00:00
2024-10-08 04:00:00,Denmark,Denmark,DK,72.17,124.85,87.46,75.56,entsoe.eu,False,,2024-10-08 04:00:00
2024-10-08 05:00:00,Denmark,Denmark,DK,77.25,127.33,87.46,77.69,entsoe.eu,False,,2024-10-08 05:00:00
2024-10-08 06:00:00,Denmark,Denmark,DK,68.42,114.89,89.72,80.1,entsoe.eu,False,,2024-10-08 06:00:00
2024-10-08 07:00:00,Denmark,Denmark,DK,63.2,106.67,91.04,80.95,entsoe.eu,False,,2024-10-08 07:00:00
2024-10-08 08:00:00,Denmark,Denmark,DK,49.86,92.79,92.12,82.63,entsoe.eu,False,,2024-10-08 08:00:00
2024-10-08 09:00:00,Denmark,Denmark,DK,47.56,89.95,91.44,81.96,entsoe.eu,False,,2024-10-08 09:00:00
2024-10-08 10:00:00,Denmark,Denmark,DK,42.7,78.73,92.63,83.06,entsoe.eu,False,,2024-10-08 10:00:00
2024-10-08 11:00:00,Denmark,Denmark,DK,40.55,79.31,93.07,83.56,entsoe.eu,False,,2024-10-08 11:00:00
2024-10-08 12:00:00,Denmark,Denmark,DK,49.48,91.94,91.18,82.07,entsoe.eu,False,,2024-10-08 12:00:00
2024-10-08 13:00:00,Denmark,Denmark,DK,51.8,97.32,90.53,81.63,entsoe.eu,False,,2024-10-08 13:00:00
2024-10-08 14:00:00,Denmark,Denmark,DK,61.64,109.76,88.61,80.01,entsoe.eu,False,,2024-10-08 14:00:00
2024-10-08 15:00:00,Denmark,Denmark,DK,74.25,125.08,86.32,76.54,entsoe.eu,False,,2024-10-08 15:00:00
2024-10-08 16:00:00,Denmark,Denmark,DK,81.0,134.34,84.18,73.34,entsoe.eu,False,,2024-10-08 16:00:00
2024-10-08 17:00:00,Denmark,Denmark,DK,85.55,140.75,83.49,73.99,entsoe.eu,False,,2024-10-08 17:00:00
2024-10-08 18:00:00,Denmark,Denmark,DK,94.14,149.39,83.1,73.51,entsoe.eu,False,,2024-10-08 18:00:00
2024-10-08 19:00:00,Denmark,Denmark,DK,90.38,142.69,83.95,73.42,entsoe.eu,False,,2024-10-08 19:00:00
2024-10-08 20:00:00,Denmark,Denmark,DK,69.89,120.41,87.48,76.36,entsoe.eu,False,,2024-10-08 20:00:00
2024-10-08 21:00:00,Denmark,Denmark,DK,61.78,110.84,88.72,74.61,entsoe.eu,False,,2024-10-08 21:00:00
2024-10-08 22:00:00,Denmark,Denmark,DK,61.14,102.49,89.1,72.67,entsoe.eu,False,,2024-10-08 22:00:00
2024-10-08 23:00:00,Denmark,Denmark,DK,57.89,98.6,89.57,72.5,entsoe.eu,False,,2024-10-08 23:00:00
2024-10-09 00:00:00,Denmark,Denmark,DK,57.96,98.49,89.55,71.72,entsoe.eu,False,,2024-10-09 00:00:00
2024-10-09 01:00:00,Denmark,Denmark,DK,59.62,100.77,89.27,70.19,entsoe.eu,False,,2024-10-09 01:00:00
2024-10-09 02:00:00,Denmark,Denmark,DK,60.5,101.84,89.07,70.5,entsoe.eu,False,,2024-10-09 02:00:00
2024-10-09 03:00:00,Denmark,Denmark,DK,66.56,110.87,87.7,68.7,entsoe.eu,False,,2024-10-09 03:00:00
2024-10-09 04:00:00,Denmark,Denmark,DK,69.96,124.12,86.66,70.23,entsoe.eu,False,,2024-10-09 04:00:00
2024-10-09 05:00:00,Denmark,Denmark,DK,95.32,153.45,82.97,70.1,entsoe.eu,False,,2024-10-09 05:00:00
2024-10-09 06:00:00,Denmark,Denmark,DK,86.13,144.93,85.34,73.79,entsoe.eu,False,,2024-10-09 06:00:00
2024-10-09 07:00:00,Denmark,Denmark,DK,80.09,133.89,88.42,77.42,entsoe.eu,False,,2024-10-09 07:00:00
2024-10-09 08:00:00,Denmark,Denmark,DK,72.73,117.86,88.98,79.73,entsoe.eu,False,,2024-10-09 08:00:00
2024-10-09 09:00:00,Denmark,Denmark,DK,59.67,101.74,90.77,80.6,entsoe.eu,False,,2024-10-09 09:00:00
2024-10-09 10:00:00,Denmark,Denmark,DK,68.18,110.64,89.97,81.1,entsoe.eu,False,,2024-10-09 10:00:00
2024-10-09 11:00:00,Denmark,Denmark,DK,63.79,103.41,91.06,80.21,entsoe.eu,False,,2024-10-09 11:00:00
2024-10-09 12:00:00,Denmark,Denmark,DK,63.35,103.72,90.97,79.69,entsoe.eu,False,,2024-10-09 12:00:00
2024-10-09 13:00:00,Denmark,Denmark,DK,74.47,119.06,89.11,79.36,entsoe.eu,False,,2024-10-09 13:00:00
2024-10-09 14:00:00,Denmark,Denmark,DK,97.14,147.23,85.01,75.11,entsoe.eu,False,,2024-10-09 14:00:00
2024-10-09 15:00:00,Denmark,Denmark,DK,110.53,161.73,82.82,71.54,entsoe.eu,False,,2024-10-09 15:00:00
2024-10-09 16:00:00,Denmark,Denmark,DK,108.21,160.61,82.63,71.07,entsoe.eu,False,,2024-10-09 16:00:00
2024-10-09 17:00:00,Denmark,Denmark,DK,109.22,154.99,82.68,71.62,entsoe.eu,False,,2024-10-09 17:00:00
2024-10-09 18:00:00,Denmark,Denmark,DK,100.0,143.07,84.05,72.32,entsoe.eu,False,,2024-10-09 18:00:00
2024-10-09 19:00:00,Denmark,Denmark,DK,97.87,143.12,84.42,72.81,entsoe.eu,False,,2024-10-09 19:00:00
2024-10-09 20:00:00,Denmark,Denmark,DK,99.42,148.6,85.21,74.14,entsoe.eu,False,,2024-10-09 20:00:00
2024-10-09 21:00:00,Denmark,Denmark,DK,110.35,160.28,84.73,70.4,entsoe.eu,False,,2024-10-09 21:00:00
2024-10-09 22:00:00,Denmark,Denmark,DK,73.5,120.26,88.73,70.75,entsoe.eu,False,,2024-10-09 22:00:00
2024-10-09 23:00:00,Denmark,Denmark,DK,49.23,92.79,91.31,72.71,entsoe.eu,False,,2024-10-09 23:00:00
2024-10-10 00:00:00,Denmark,Denmark,DK,86.54,132.99,87.34,70.61,entsoe.eu,False,,2024-10-10 00:00:00
2024-10-10 01:00:00,Denmark,Denmark,DK,115.02,166.28,83.75,69.32,entsoe.eu,False,,2024-10-10 01:00:00
2024-10-10 02:00:00,Denmark,Denmark,DK,105.86,156.99,84.18,68.98,entsoe.eu,False,,2024-10-10 02:00:00
2024-10-10 03:00:00,Denmark,Denmark,DK,80.36,126.58,86.03,69.94,entsoe.eu,False,,2024-10-10 03:00:00
2024-10-10 04:00:00,Denmark,Denmark,DK,61.17,102.81,89.04,75.25,entsoe.eu,False,,2024-10-10 04:00:00
2024-10-10 05:00:00,Denmark,Denmark,DK,50.0,90.16,91.57,79.21,entsoe.eu,False,,2024-10-10 05:00:00
2024-10-10 06:00:00,Denmark,Denmark,DK,49.86,90.19,91.62,81.83,entsoe.eu,False,,2024-10-10 06:00:00
2024-10-10 07:00:00,Denmark,Denmark,DK,42.43,78.48,92.39,83.11,entsoe.eu,False,,2024-10-10 07:00:00
2024-10-10 08:00:00,Denmark,Denmark,DK,37.0,72.01,93.42,84.34,entsoe.eu,False,,2024-10-10 08:00:00
2024-10-10 09:00:00,Denmark,Denmark,DK,36.5,69.53,94.07,86.98,entsoe.eu,False,,2024-10-10 09:00:00
2024-10-10 10:00:00,Denmark,Denmark,DK,33.64,62.12,94.57,89.55,entsoe.eu,False,,2024-10-10 10:00:00
2024-10-10 11:00:00,Denmark,Denmark,DK,38.38,67.14,94.14,89.79,entsoe.eu,False,,2024-10-10 11:00:00
2024-10-10 12:00:00,Denmark,Denmark,DK,30.0,56.94,95.16,90.82,entsoe.eu,False,,2024-10-10 12:00:00
2024-10-10 13:00:00,Denmark,Denmark,DK,27.07,55.28,95.5,91.17,entsoe.eu,False,,2024-10-10 13:00:00
2024-10-10 14:00:00,Denmark,Denmark,DK,26.25,54.96,95.54,91.67,entsoe.eu,False,,2024-10-10 14:00:00
2024-10-10 15:00:00,Denmark,Denmark,DK,27.73,55.85,95.28,90.57,entsoe.eu,False,,2024-10-10 15:00:00
2024-10-10 16:00:00,Denmark,Denmark,DK,28.06,55.59,95.25,90.0,entsoe.eu,False,,2024-10-10 16:00:00
2024-10-10 17:00:00,Denmark,Denmark,DK,26.18,53.57,95.45,90.14,entsoe.eu,False,,2024-10-10 17:00:00
2024-10-10 18:00:00,Denmark,Denmark,DK,25.97,53.65,95.55,91.03,entsoe.eu,False,,2024-10-10 18:00:00
2024-10-10 19:00:00,Denmark,Denmark,DK,26.4,52.43,95.52,90.88,entsoe.eu,False,,2024-10-10 19:00:00
2024-10-10 20:00:00,Denmark,Denmark,DK,29.2,55.54,95.17,90.45,entsoe.eu,False,,2024-10-10 20:00:00
2024-10-10 21:00:00,Denmark,Denmark,DK,28.0,54.64,95.3,90.92,entsoe.eu,False,,2024-10-10 21:00:00
2024-10-10 22:00:00,Denmark,Denmark,DK,33.81,60.75,94.62,88.02,entsoe.eu,False,,2024-10-10 22:00:00
2024-10-10 23:00:00,Denmark,Denmark,DK,29.15,55.12,95.2,86.52,entsoe.eu,False,,2024-10-10 23:00:00
2024-10-11 00:00:00,Denmark,Denmark,DK,32.18,58.86,94.76,86.29,entsoe.eu,False,,2024-10-11 00:00:00
2024-10-11 01:00:00,Denmark,Denmark,DK,31.71,58.43,94.75,86.13,entsoe.eu,False,,2024-10-11 01:00:00
2024-10-11 02:00:00,Denmark,Denmark,DK,33.3,60.46,94.54,85.74,entsoe.eu,False,,2024-10-11 02:00:00
2024-10-11 03:00:00,Denmark,Denmark,DK,34.28,61.86,94.38,87.16,entsoe.eu,False,,2024-10-11 03:00:00
2024-10-11 04:00:00,Denmark,Denmark,DK,34.21,64.31,94.2,87.57,entsoe.eu,False,,2024-10-11 04:00:00
2024-10-11 05:00:00,Denmark,Denmark,DK,32.31,62.98,94.16,86.7,entsoe.eu,False,,2024-10-11 05:00:00
2024-10-11 06:00:00,Denmark,Denmark,DK,41.64,75.79,91.84,84.38,entsoe.eu,False,,2024-10-11 06:00:00
2024-10-11 07:00:00,Denmark,Denmark,DK,28.54,60.4,95.01,87.25,entsoe.eu,False,,2024-10-11 07:00:00
2024-10-11 08:00:00,Denmark,Denmark,DK,21.2,53.29,96.38,89.3,entsoe.eu,False,,2024-10-11 08:00:00
2024-10-11 09:00:00,Denmark,Denmark,DK,20.51,53.0,96.49,89.51,entsoe.eu,False,,2024-10-11 09:00:00
2024-10-11 10:00:00,Denmark,Denmark,DK,21.13,53.82,96.4,89.2,entsoe.eu,False,,2024-10-11 10:00:00
2024-10-11 11:00:00,Denmark,Denmark,DK,21.1,56.69,96.39,89.74,entsoe.eu,False,,2024-10-11 11:00:00
2024-10-11 12:00:00,Denmark,Denmark,DK,24.86,61.87,95.9,90.88,entsoe.eu,False,,2024-10-11 12:00:00
2024-10-11 13:00:00,Denmark,Denmark,DK,22.56,57.63,96.09,90.75,entsoe.eu,False,,2024-10-11 13:00:00
2024-10-11 14:00:00,Denmark,Denmark,DK,27.22,62.28,95.24,88.22,entsoe.eu,False,,2024-10-11 14:00:00
2024-10-11 15:00:00,Denmark,Denmark,DK,30.74,68.87,94.41,86.18,entsoe.eu,False,,2024-10-11 15:00:00
2024-10-11 16:00:00,Denmark,Denmark,DK,48.39,87.93,91.3,84.12,entsoe.eu,False,,2024-10-11 16:00:00
2024-10-11 17:00:00,Denmark,Denmark,DK,54.49,94.31,90.28,83.41,entsoe.eu,False,,2024-10-11 17:00:00
2024-10-11 18:00:00,Denmark,Denmark,DK,54.44,90.09,90.31,83.1,entsoe.eu,False,,2024-10-11 18:00:00
2024-10-11 19:00:00,Denmark,Denmark,DK,54.92,89.98,90.34,83.1,entsoe.eu,False,,2024-10-11 19:00:00
2024-10-11 20:00:00,Denmark,Denmark,DK,55.37,93.26,90.44,83.16,entsoe.eu,False,,2024-10-11 20:00:00
2024-10-11 21:00:00,Denmark,Denmark,DK,49.92,92.45,91.2,82.87,entsoe.eu,False,,2024-10-11 21:00:00
2024-10-11 22:00:00,Denmark,Denmark,DK,39.73,83.09,92.79,83.26,entsoe.eu,False,,2024-10-11 22:00:00
2024-10-11 23:00:00,Denmark,Denmark,DK,40.8,83.21,92.7,81.8,entsoe.eu,False,,2024-10-11 23:00:00
2024-10-12 00:00:00,Denmark,Denmark,DK,42.92,86.3,92.43,81.07,entsoe.eu,False,,2024-10-12 00:00:00
2024-10-12 01:00:00,Denmark,Denmark,DK,43.47,89.06,92.35,81.12,entsoe.eu,False,,2024-10-12 01:00:00
2024-10-12 02:00:00,Denmark,Denmark,DK,39.85,85.73,93.07,81.44,entsoe.eu,False,,2024-10-12 02:00:00
2024-10-12 03:00:00,Denmark,Denmark,DK,41.04,87.78,92.85,80.96,entsoe.eu,False,,2024-10-12 03:00:00
2024-10-12 04:00:00,Denmark,Denmark,DK,41.61,92.15,92.61,80.69,entsoe.eu,False,,2024-10-12 04:00:00
2024-10-12 05:00:00,Denmark,Denmark,DK,38.39,87.18,93.12,82.11,entsoe.eu,False,,2024-10-12 05:00:00
2024-10-12 06:00:00,Denmark,Denmark,DK,34.37,78.46,93.89,83.47,entsoe.eu,False,,2024-10-12 06:00:00
2024-10-12 07:00:00,Denmark,Denmark,DK,32.45,73.57,94.43,85.19,entsoe.eu,False,,2024-10-12 07:00:00
2024-10-12 08:00:00,Denmark,Denmark,DK,35.46,78.63,94.21,88.7,entsoe.eu,False,,2024-10-12 08:00:00
2024-10-12 09:00:00,Denmark,Denmark,DK,30.46,72.25,94.9,89.69,entsoe.eu,False,,2024-10-12 09:00:00
2024-10-12 10:00:00,Denmark,Denmark,DK,27.52,67.83,95.56,89.78,entsoe.eu,False,,2024-10-12 10:00:00
2024-10-12 11:00:00,Denmark,Denmark,DK,33.58,75.05,95.01,89.8,entsoe.eu,False,,2024-10-12 11:00:00
2024-10-12 12:00:00,Denmark,Denmark,DK,34.93,75.95,94.83,88.95,entsoe.eu,False,,2024-10-12 12:00:00
2024-10-12 13:00:00,Denmark,Denmark,DK,30.77,69.39,94.95,88.98,entsoe.eu,False,,2024-10-12 13:00:00
2024-10-12 14:00:00,Denmark,Denmark,DK,29.05,65.84,95.05,86.49,entsoe.eu,False,,2024-10-12 14:00:00
2024-10-12 15:00:00,Denmark,Denmark,DK,28.13,64.98,95.13,86.0,entsoe.eu,False,,2024-10-12 15:00:00
2024-10-12 16:00:00,Denmark,Denmark,DK,28.59,63.29,95.04,86.73,entsoe.eu,False,,2024-10-12 16:00:00
2024-10-12 17:00:00,Denmark,Denmark,DK,30.47,65.46,94.76,87.06,entsoe.eu,False,,2024-10-12 17:00:00
2024-10-12 18:00:00,Denmark,Denmark,DK,30.43,65.19,94.81,87.61,entsoe.eu,False,,2024-10-12 18:00:00
2024-10-12 19:00:00,Denmark,Denmark,DK,30.26,65.82,94.9,87.98,entsoe.eu,False,,2024-10-12 19:00:00
2024-10-12 20:00:00,Denmark,Denmark,DK,35.09,69.84,94.33,88.69,entsoe.eu,False,,2024-10-12 20:00:00
2024-10-12 21:00:00,Denmark,Denmark,DK,37.9,71.6,93.69,88.73,entsoe.eu,False,,2024-10-12 21:00:00
2024-10-12 22:00:00,Denmark,Denmark,DK,60.01,91.71,91.01,84.39,entsoe.eu,False,,2024-10-12 22:00:00
2024-10-12 23:00:00,Denmark,Denmark,DK,43.21,69.34,93.12,82.04,entsoe.eu,False,,2024-10-12 23:00:00
2024-10-13 00:00:00,Denmark,Denmark,DK,49.28,78.79,92.51,80.11,entsoe.eu,False,,2024-10-13 00:00:00
2024-10-13 01:00:00,Denmark,Denmark,DK,73.78,107.89,89.62,80.77,entsoe.eu,False,,2024-10-13 01:00:00
2024-10-13 02:00:00,Denmark,Denmark,DK,77.6,112.54,89.1,79.99,entsoe.eu,False,,2024-10-13 02:00:00
2024-10-13 03:00:00,Denmark,Denmark,DK,77.9,113.09,89.01,80.03,entsoe.eu,False,,2024-10-13 03:00:00
2024-10-13 04:00:00,Denmark,Denmark,DK,79.48,115.6,88.74,83.95,entsoe.eu,False,,2024-10-13 04:00:00
2024-10-13 05:00:00,Denmark,Denmark,DK,82.9,120.2,88.18,82.47,entsoe.eu,False,,2024-10-13 05:00:00
2024-10-13 06:00:00,Denmark,Denmark,DK,82.24,121.41,88.35,81.51,entsoe.eu,False,,2024-10-13 06:00:00
2024-10-13 07:00:00,Denmark,Denmark,DK,85.25,125.26,87.78,83.32,entsoe.eu,False,,2024-10-13 07:00:00
2024-10-13 08:00:00,Denmark,Denmark,DK,73.29,113.76,89.28,86.46,entsoe.eu,False,,2024-10-13 08:00:00
2024-10-13 09:00:00,Denmark,Denmark,DK,73.17,115.78,89.48,89.25,entsoe.eu,False,,2024-10-13 09:00:00
2024-10-13 10:00:00,Denmark,Denmark,DK,68.25,108.52,90.12,89.91,entsoe.eu,False,,2024-10-13 10:00:00
2024-10-13 11:00:00,Denmark,Denmark,DK,68.68,107.87,90.14,89.93,entsoe.eu,False,,2024-10-13 11:00:00
2024-10-13 12:00:00,Denmark,Denmark,DK,71.0,110.07,89.88,89.68,entsoe.eu,False,,2024-10-13 12:00:00
2024-10-13 13:00:00,Denmark,Denmark,DK,74.69,114.47,89.77,89.69,entsoe.eu,False,,2024-10-13 13:00:00
2024-10-13 14:00:00,Denmark,Denmark,DK,80.85,120.58,89.09,88.04,entsoe.eu,False,,2024-10-13 14:00:00
2024-10-13 15:00:00,Denmark,Denmark,DK,74.26,111.32,90.03,84.53,entsoe.eu,False,,2024-10-13 15:00:00
2024-10-13 16:00:00,Denmark,Denmark,DK,60.18,92.43,91.63,81.36,entsoe.eu,False,,2024-10-13 16:00:00
2024-10-13 17:00:00,Denmark,Denmark,DK,60.68,91.81,91.61,80.67,entsoe.eu,False,,2024-10-13 17:00:00
2024-10-13 18:00:00,Denmark,Denmark,DK,50.96,82.45,92.25,81.5,entsoe.eu,False,,2024-10-13 18:00:00
2024-10-13 19:00:00,Denmark,Denmark,DK,52.08,84.38,91.92,80.97,entsoe.eu,False,,2024-10-13 19:00:00
2024-10-13 20:00:00,Denmark,Denmark,DK,45.53,76.19,92.71,81.89,entsoe.eu,False,,2024-10-13 20:00:00
2024-10-13 21:00:00,Denmark,Denmark,DK,48.83,79.85,92.48,80.7,entsoe.eu,False,,2024-10-13 21:00:00
2024-10-13 22:00:00,Denmark,Denmark,DK,55.8,88.17,91.85,80.64,entsoe.eu,False,,2024-10-13 22:00:00
2024-10-13 23:00:00,Denmark,Denmark,DK,56.64,89.58,91.72,80.44,entsoe.eu,False,,2024-10-13 23:00:00
2024-10-14 00:00:00,Denmark,Denmark,DK,49.74,82.2,92.52,81.34,entsoe.eu,False,,2024-10-14 00:00:00
2024-10-14 01:00:00,Denmark,Denmark,DK,40.04,72.08,93.68,83.59,entsoe.eu,False,,2024-10-14 01:00:00
2024-10-14 02:00:00,Denmark,Denmark,DK,33.57,69.59,94.42,84.84,entsoe.eu,False,,2024-10-14 02:00:00
2024-10-14 03:00:00,Denmark,Denmark,DK,34.7,70.99,94.23,82.78,entsoe.eu,False,,2024-10-14 03:00:00
2024-10-14 04:00:00,Denmark,Denmark,DK,47.82,90.52,92.12,81.98,entsoe.eu,False,,2024-10-14 04:00:00
2024-10-14 05:00:00,Denmark,Denmark,DK,55.82,98.33,90.08,80.67,entsoe.eu,False,,2024-10-14 05:00:00
2024-10-14 06:00:00,Denmark,Denmark,DK,61.46,106.6,89.06,79.3,entsoe.eu,False,,2024-10-14 06:00:00
2024-10-14 07:00:00,Denmark,Denmark,DK,56.8,101.7,90.1,80.67,entsoe.eu,False,,2024-10-14 07:00:00
2024-10-14 08:00:00,Denmark,Denmark,DK,47.09,93.43,91.79,81.95,entsoe.eu,False,,2024-10-14 08:00:00
2024-10-14 09:00:00,Denmark,Denmark,DK,28.95,74.59,94.76,85.63,entsoe.eu,False,,2024-10-14 09:00:00
2024-10-14 10:00:00,Denmark,Denmark,DK,29.21,73.35,94.83,85.82,entsoe.eu,False,,2024-10-14 10:00:00
2024-10-14 11:00:00,Denmark,Denmark,DK,28.82,75.18,94.91,85.74,entsoe.eu,False,,2024-10-14 11:00:00
2024-10-14 12:00:00,Denmark,Denmark,DK,35.75,82.01,93.82,85.18,entsoe.eu,False,,2024-10-14 12:00:00
2024-10-14 13:00:00,Denmark,Denmark,DK,46.32,93.65,92.17,83.15,entsoe.eu,False,,2024-10-14 13:00:00
2024-10-14 14:00:00,Denmark,Denmark,DK,54.81,106.65,90.31,81.18,entsoe.eu,False,,2024-10-14 14:00:00
2024-10-14 15:00:00,Denmark,Denmark,DK,62.98,119.77,88.55,78.97,entsoe.eu,False,,2024-10-14 15:00:00
2024-10-14 16:00:00,Denmark,Denmark,DK,68.09,128.05,87.47,78.26,entsoe.eu,False,,2024-10-14 16:00:00
2024-10-14 17:00:00,Denmark,Denmark,DK,69.54,129.2,87.21,77.42,entsoe.eu,False,,2024-10-14 17:00:00
2024-10-14 18:00:00,Denmark,Denmark,DK,70.07,129.15,87.14,77.52,entsoe.eu,False,,2024-10-14 18:00:00
2024-10-14 19:00:00,Denmark,Denmark,DK,71.1,132.05,87.5,77.36,entsoe.eu,False,,2024-10-14 19:00:00
2024-10-14 20:00:00,Denmark,Denmark,DK,69.65,129.42,87.75,76.84,entsoe.eu,False,,2024-10-14 20:00:00
2024-10-14 21:00:00,Denmark,Denmark,DK,48.18,107.76,91.02,79.75,entsoe.eu,False,,2024-10-14 21:00:00
2024-10-14 22:00:00,Denmark,Denmark,DK,42.42,94.17,92.51,80.53,entsoe.eu,False,,2024-10-14 22:00:00
2024-10-14 23:00:00,Denmark,Denmark,DK,52.3,104.7,91.12,78.74,entsoe.eu,False,,2024-10-14 23:00:00
2024-10-15 00:00:00,Denmark,Denmark,DK,45.84,95.49,92.35,79.6,entsoe.eu,False,,2024-10-15 00:00:00
2024-10-15 01:00:00,Denmark,Denmark,DK,45.38,97.16,92.37,79.82,entsoe.eu,False,,2024-10-15 01:00:00
2024-10-15 02:00:00,Denmark,Denmark,DK,51.82,106.47,91.1,78.39,entsoe.eu,False,,2024-10-15 02:00:00
2024-10-15 03:00:00,Denmark,Denmark,DK,71.8,133.47,86.69,74.51,entsoe.eu,False,,2024-10-15 03:00:00
2024-10-15 04:00:00,Denmark,Denmark,DK,100.98,169.55,79.91,68.33,entsoe.eu,False,,2024-10-15 04:00:00
2024-10-15 05:00:00,Denmark,Denmark,DK,106.67,183.99,78.14,67.34,entsoe.eu,False,,2024-10-15 05:00:00
2024-10-15 06:00:00,Denmark,Denmark,DK,104.04,181.6,78.89,68.12,entsoe.eu,False,,2024-10-15 06:00:00
2024-10-15 07:00:00,Denmark,Denmark,DK,97.29,171.19,80.51,70.59,entsoe.eu,False,,2024-10-15 07:00:00
2024-10-15 08:00:00,Denmark,Denmark,DK,65.03,132.23,87.55,78.7,entsoe.eu,False,,2024-10-15 08:00:00
2024-10-15 09:00:00,Denmark,Denmark,DK,46.16,107.85,91.7,83.61,entsoe.eu,False,,2024-10-15 09:00:00
2024-10-15 10:00:00,Denmark,Denmark,DK,34.8,96.38,94.11,84.78,entsoe.eu,False,,2024-10-15 10:00:00
2024-10-15 11:00:00,Denmark,Denmark,DK,38.92,100.65,93.1,84.02,entsoe.eu,False,,2024-10-15 11:00:00
2024-10-15 12:00:00,Denmark,Denmark,DK,42.21,103.75,92.48,83.23,entsoe.eu,False,,2024-10-15 12:00:00
2024-10-15 13:00:00,Denmark,Denmark,DK,51.7,114.33,91.03,81.02,entsoe.eu,False,,2024-10-15 13:00:00
2024-10-15 14:00:00,Denmark,Denmark,DK,74.32,140.58,86.88,75.82,entsoe.eu,False,,2024-10-15 14:00:00
2024-10-15 15:00:00,Denmark,Denmark,DK,89.45,159.85,84.09,72.03,entsoe.eu,False,,2024-10-15 15:00:00
2024-10-15 16:00:00,Denmark,Denmark,DK,88.97,161.17,83.25,70.31,entsoe.eu,False,,2024-10-15 16:00:00
2024-10-15 17:00:00,Denmark,Denmark,DK,79.81,148.18,85.58,73.44,entsoe.eu,False,,2024-10-15 17:00:00
2024-10-15 18:00:00,Denmark,Denmark,DK,57.78,118.6,89.04,77.02,entsoe.eu,False,,2024-10-15 18:00:00
2024-10-15 19:00:00,Denmark,Denmark,DK,51.82,103.59,90.5,78.87,entsoe.eu,False,,2024-10-15 19:00:00
2024-10-15 20:00:00,Denmark,Denmark,DK,39.61,86.34,92.67,81.47,entsoe.eu,False,,2024-10-15 20:00:00
2024-10-15 21:00:00,Denmark,Denmark,DK,32.28,76.99,94.16,81.06,entsoe.eu,False,,2024-10-15 21:00:00
2024-10-15 22:00:00,Denmark,Denmark,DK,42.88,88.23,93.37,81.96,entsoe.eu,False,,2024-10-15 22:00:00
2024-10-15 23:00:00,Denmark,Denmark,DK,46.82,92.03,92.41,83.28,entsoe.eu,False,,2024-10-15 23:00:00
2024-10-16 00:00:00,Denmark,Denmark,DK,57.83,102.0,90.93,82.23,entsoe.eu,False,,2024-10-16 00:00:00
2024-10-16 01:00:00,Denmark,Denmark,DK,77.96,125.79,88.96,84.34,entsoe.eu,False,,2024-10-16 01:00:00
2024-10-16 02:00:00,Denmark,Denmark,DK,62.18,109.06,90.72,85.42,entsoe.eu,False,,2024-10-16 02:00:00
2024-10-16 03:00:00,Denmark,Denmark,DK,39.83,79.2,93.34,86.74,entsoe.eu,False,,2024-10-16 03:00:00
2024-10-16 04:00:00,Denmark,Denmark,DK,31.39,69.46,94.58,89.22,entsoe.eu,False,,2024-10-16 04:00:00
2024-10-16 05:00:00,Denmark,Denmark,DK,27.71,64.63,95.27,88.4,entsoe.eu,False,,2024-10-16 05:00:00
2024-10-16 06:00:00,Denmark,Denmark,DK,24.01,59.68,95.83,89.11,entsoe.eu,False,,2024-10-16 06:00:00
2024-10-16 07:00:00,Denmark,Denmark,DK,23.81,58.19,95.93,90.1,entsoe.eu,False,,2024-10-16 07:00:00
2024-10-16 08:00:00,Denmark,Denmark,DK,23.14,55.82,96.2,91.19,entsoe.eu,False,,2024-10-16 08:00:00
2024-10-16 09:00:00,Denmark,Denmark,DK,17.95,50.25,96.96,95.39,entsoe.eu,False,,2024-10-16 09:00:00
2024-10-16 10:00:00,Denmark,Denmark,DK,24.42,57.31,96.07,96.05,entsoe.eu,False,,2024-10-16 10:00:00
2024-10-16 11:00:00,Denmark,Denmark,DK,26.62,59.85,95.86,93.23,entsoe.eu,False,,2024-10-16 11:00:00
2024-10-16 12:00:00,Denmark,Denmark,DK,33.88,66.42,94.98,92.03,entsoe.eu,False,,2024-10-16 12:00:00
2024-10-16 13:00:00,Denmark,Denmark,DK,33.71,66.29,95.02,91.11,entsoe.eu,False,,2024-10-16 13:00:00
2024-10-16 14:00:00,Denmark,Denmark,DK,28.5,61.71,95.66,90.76,entsoe.eu,False,,2024-10-16 14:00:00
2024-10-16 15:00:00,Denmark,Denmark,DK,22.16,53.35,96.42,91.61,entsoe.eu,False,,2024-10-16 15:00:00
2024-10-16 16:00:00,Denmark,Denmark,DK,21.23,50.43,96.46,91.82,entsoe.eu,False,,2024-10-16 16:00:00
2024-10-16 17:00:00,Denmark,Denmark,DK,20.63,49.64,96.56,92.34,entsoe.eu,False,,2024-10-16 17:00:00
2024-10-16 18:00:00,Denmark,Denmark,DK,22.44,51.9,96.21,92.03,entsoe.eu,False,,2024-10-16 18:00:00
2024-10-16 19:00:00,Denmark,Denmark,DK,27.03,55.74,95.6,90.88,entsoe.eu,False,,2024-10-16 19:00:00
2024-10-16 20:00:00,Denmark,Denmark,DK,31.32,62.91,95.06,90.64,entsoe.eu,False,,2024-10-16 20:00:00
2024-10-16 21:00:00,Denmark,Denmark,DK,33.92,66.29,94.72,90.15,entsoe.eu,False,,2024-10-16 21:00:00
2024-10-16 22:00:00,Denmark,Denmark,DK,31.77,59.68,95.18,90.08,entsoe.eu,False,,2024-10-16 22:00:00
2024-10-16 23:00:00,Denmark,Denmark,DK,35.55,62.41,94.7,88.94,entsoe.eu,False,,2024-10-16 23:00:00
2024-10-17 00:00:00,Denmark,Denmark,DK,33.44,58.59,94.99,88.25,entsoe.eu,False,,2024-10-17 00:00:00
2024-10-17 01:00:00,Denmark,Denmark,DK,39.07,63.78,94.22,88.08,entsoe.eu,False,,2024-10-17 01:00:00
2024-10-17 02:00:00,Denmark,Denmark,DK,28.26,50.91,95.55,87.29,entsoe.eu,False,,2024-10-17 02:00:00
2024-10-17 03:00:00,Denmark,Denmark,DK,27.17,51.71,95.54,87.59,entsoe.eu,False,,2024-10-17 03:00:00
2024-10-17 04:00:00,Denmark,Denmark,DK,30.36,56.26,95.0,89.2,entsoe.eu,False,,2024-10-17 04:00:00
2024-10-17 05:00:00,Denmark,Denmark,DK,26.3,52.21,95.45,88.41,entsoe.eu,False,,2024-10-17 05:00:00
2024-10-17 06:00:00,Denmark,Denmark,DK,26.69,53.61,95.41,88.46,entsoe.eu,False,,2024-10-17 06:00:00
2024-10-17 07:00:00,Denmark,Denmark,DK,26.02,52.75,95.56,88.76,entsoe.eu,False,,2024-10-17 07:00:00
2024-10-17 08:00:00,Denmark,Denmark,DK,28.04,58.0,95.17,89.74,entsoe.eu,False,,2024-10-17 08:00:00
2024-10-17 09:00:00,Denmark,Denmark,DK,31.99,64.35,94.52,89.93,entsoe.eu,False,,2024-10-17 09:00:00
2024-10-17 10:00:00,Denmark,Denmark,DK,31.47,64.8,94.54,90.74,entsoe.eu,False,,2024-10-17 10:00:00
2024-10-17 11:00:00,Denmark,Denmark,DK,34.1,67.83,94.11,89.34,entsoe.eu,False,,2024-10-17 11:00:00
2024-10-17 12:00:00,Denmark,Denmark,DK,37.79,73.28,93.34,86.53,entsoe.eu,False,,2024-10-17 12:00:00
2024-10-17 13:00:00,Denmark,Denmark,DK,42.73,79.52,92.62,84.89,entsoe.eu,False,,2024-10-17 13:00:00
2024-10-17 14:00:00,Denmark,Denmark,DK,47.62,93.06,91.65,84.51,entsoe.eu,False,,2024-10-17 14:00:00
2024-10-17 15:00:00,Denmark,Denmark,DK,69.35,120.71,87.86,80.1,entsoe.eu,False,,2024-10-17 15:00:00
2024-10-17 16:00:00,Denmark,Denmark,DK,76.24,129.05,85.93,78.43,entsoe.eu,False,,2024-10-17 16:00:00
2024-10-17 17:00:00,Denmark,Denmark,DK,87.94,141.26,83.87,76.21,entsoe.eu,False,,2024-10-17 17:00:00
2024-10-17 18:00:00,Denmark,Denmark,DK,81.53,138.34,85.25,77.61,entsoe.eu,False,,2024-10-17 18:00:00
2024-10-17 19:00:00,Denmark,Denmark,DK,77.8,128.14,86.39,78.07,entsoe.eu,False,,2024-10-17 19:00:00
2024-10-17 20:00:00,Denmark,Denmark,DK,58.2,108.8,89.49,79.49,entsoe.eu,False,,2024-10-17 20:00:00
2024-10-17 21:00:00,Denmark,Denmark,DK,54.67,109.26,90.51,79.17,entsoe.eu,False,,2024-10-17 21:00:00
2024-10-17 22:00:00,Denmark,Denmark,DK,67.24,119.67,89.13,76.3,entsoe.eu,False,,2024-10-17 22:00:00
2024-10-17 23:00:00,Denmark,Denmark,DK,70.69,128.1,88.6,74.6,entsoe.eu,False,,2024-10-17 23:00:00
2024-10-18 00:00:00,Denmark,Denmark,DK,64.08,125.23,89.28,74.69,entsoe.eu,False,,2024-10-18 00:00:00
2024-10-18 01:00:00,Denmark,Denmark,DK,60.46,125.56,89.88,74.8,entsoe.eu,False,,2024-10-18 01:00:00
2024-10-18 02:00:00,Denmark,Denmark,DK,63.31,129.53,89.51,74.08,entsoe.eu,False,,2024-10-18 02:00:00
2024-10-18 03:00:00,Denmark,Denmark,DK,65.21,133.47,89.0,74.61,entsoe.eu,False,,2024-10-18 03:00:00
2024-10-18 04:00:00,Denmark,Denmark,DK,97.61,163.97,81.96,67.78,entsoe.eu,False,,2024-10-18 04:00:00
2024-10-18 05:00:00,Denmark,Denmark,DK,118.65,192.79,76.27,64.82,entsoe.eu,False,,2024-10-18 05:00:00
2024-10-18 06:00:00,Denmark,Denmark,DK,113.67,185.64,77.56,66.53,entsoe.eu,False,,2024-10-18 06:00:00
2024-10-18 07:00:00,Denmark,Denmark,DK,123.55,188.48,80.19,69.15,entsoe.eu,False,,2024-10-18 07:00:00
2024-10-18 08:00:00,Denmark,Denmark,DK,103.14,169.94,83.26,70.96,entsoe.eu,False,,2024-10-18 08:00:00
2024-10-18 09:00:00,Denmark,Denmark,DK,83.75,147.22,87.08,75.66,entsoe.eu,False,,2024-10-18 09:00:00
2024-10-18 10:00:00,Denmark,Denmark,DK,69.73,131.14,88.7,77.24,entsoe.eu,False,,2024-10-18 10:00:00
2024-10-18 11:00:00,Denmark,Denmark,DK,56.69,113.5,90.2,78.19,entsoe.eu,False,,2024-10-18 11:00:00
2024-10-18 12:00:00,Denmark,Denmark,DK,60.78,118.95,88.96,76.58,entsoe.eu,False,,2024-10-18 12:00:00
2024-10-18 13:00:00,Denmark,Denmark,DK,68.86,130.08,87.01,75.4,entsoe.eu,False,,2024-10-18 13:00:00
2024-10-18 14:00:00,Denmark,Denmark,DK,90.81,156.96,82.87,71.93,entsoe.eu,False,,2024-10-18 14:00:00
2024-10-18 15:00:00,Denmark,Denmark,DK,95.01,160.71,81.88,70.5,entsoe.eu,False,,2024-10-18 15:00:00
2024-10-18 16:00:00,Denmark,Denmark,DK,109.69,181.25,78.92,68.0,entsoe.eu,False,,2024-10-18 16:00:00
2024-10-18 17:00:00,Denmark,Denmark,DK,107.02,176.49,79.33,68.63,entsoe.eu,False,,2024-10-18 17:00:00
2024-10-18 18:00:00,Denmark,Denmark,DK,92.57,159.7,83.09,72.35,entsoe.eu,False,,2024-10-18 18:00:00
2024-10-18 19:00:00,Denmark,Denmark,DK,81.36,139.13,86.47,74.83,entsoe.eu,False,,2024-10-18 19:00:00
2024-10-18 20:00:00,Denmark,Denmark,DK,56.88,114.93,90.16,77.39,entsoe.eu,False,,2024-10-18 20:00:00
2024-10-18 21:00:00,Denmark,Denmark,DK,55.66,113.89,90.36,77.81,entsoe.eu,False,,2024-10-18 21:00:00
2024-10-18 22:00:00,Denmark,Denmark,DK,61.24,113.19,89.35,76.62,entsoe.eu,False,,2024-10-18 22:00:00
2024-10-18 23:00:00,Denmark,Denmark,DK,60.18,101.18,89.55,74.79,entsoe.eu,False,,2024-10-18 23:00:00
2024-10-19 00:00:00,Denmark,Denmark,DK,59.98,101.09,89.88,74.77,entsoe.eu,False,,2024-10-19 00:00:00
2024-10-19 01:00:00,Denmark,Denmark,DK,59.4,100.2,89.97,74.82,entsoe.eu,False,,2024-10-19 01:00:00
2024-10-19 02:00:00,Denmark,Denmark,DK,64.92,107.15,88.72,73.78,entsoe.eu,False,,2024-10-19 02:00:00
2024-10-19 03:00:00,Denmark,Denmark,DK,63.71,107.17,88.98,74.35,entsoe.eu,False,,2024-10-19 03:00:00
2024-10-19 04:00:00,Denmark,Denmark,DK,66.7,109.93,88.28,74.05,entsoe.eu,False,,2024-10-19 04:00:00
2024-10-19 05:00:00,Denmark,Denmark,DK,75.82,118.4,87.43,73.59,entsoe.eu,False,,2024-10-19 05:00:00
2024-10-19 06:00:00,Denmark,Denmark,DK,73.36,116.18,88.23,75.23,entsoe.eu,False,,2024-10-19 06:00:00
2024-10-19 07:00:00,Denmark,Denmark,DK,77.25,121.92,87.85,75.59,entsoe.eu,False,,2024-10-19 07:00:00
2024-10-19 08:00:00,Denmark,Denmark,DK,85.48,130.57,87.33,75.65,entsoe.eu,False,,2024-10-19 08:00:00
2024-10-19 09:00:00,Denmark,Denmark,DK,81.15,125.27,88.25,77.35,entsoe.eu,False,,2024-10-19 09:00:00
2024-10-19 10:00:00,Denmark,Denmark,DK,81.57,125.26,87.56,76.5,entsoe.eu,False,,2024-10-19 10:00:00
2024-10-19 11:00:00,Denmark,Denmark,DK,82.59,124.78,87.94,76.53,entsoe.eu,False,,2024-10-19 11:00:00
2024-10-19 12:00:00,Denmark,Denmark,DK,82.2,127.1,88.0,76.46,entsoe.eu,False,,2024-10-19 12:00:00
2024-10-19 13:00:00,Denmark,Denmark,DK,61.28,99.54,89.77,77.73,entsoe.eu,False,,2024-10-19 13:00:00
2024-10-19 14:00:00,Denmark,Denmark,DK,93.28,137.66,84.06,73.05,entsoe.eu,False,,2024-10-19 14:00:00
2024-10-19 15:00:00,Denmark,Denmark,DK,103.31,150.47,81.23,71.02,entsoe.eu,False,,2024-10-19 15:00:00
2024-10-19 16:00:00,Denmark,Denmark,DK,104.16,149.42,81.23,71.72,entsoe.eu,False,,2024-10-19 16:00:00
2024-10-19 17:00:00,Denmark,Denmark,DK,99.72,142.65,82.08,72.94,entsoe.eu,False,,2024-10-19 17:00:00
2024-10-19 18:00:00,Denmark,Denmark,DK,80.44,118.79,85.94,75.67,entsoe.eu,False,,2024-10-19 18:00:00
2024-10-19 19:00:00,Denmark,Denmark,DK,54.48,88.95,90.47,79.81,entsoe.eu,False,,2024-10-19 19:00:00
2024-10-19 20:00:00,Denmark,Denmark,DK,50.5,84.02,91.28,80.4,entsoe.eu,False,,2024-10-19 20:00:00
2024-10-19 21:00:00,Denmark,Denmark,DK,46.96,79.64,91.79,80.9,entsoe.eu,False,,2024-10-19 21:00:00
2024-10-19 22:00:00,Denmark,Denmark,DK,42.95,73.92,92.42,80.48,entsoe.eu,False,,2024-10-19 22:00:00
2024-10-19 23:00:00,Denmark,Denmark,DK,42.6,73.24,92.46,80.47,entsoe.eu,False,,2024-10-19 23:00:00
2024-10-20 00:00:00,Denmark,Denmark,DK,43.32,74.63,92.33,79.98,entsoe.eu,False,,2024-10-20 00:00:00
2024-10-20 01:00:00,Denmark,Denmark,DK,45.28,80.06,92.06,80.22,entsoe.eu,False,,2024-10-20 01:00:00
2024-10-20 02:00:00,Denmark,Denmark,DK,46.85,79.11,91.49,78.91,entsoe.eu,False,,2024-10-20 02:00:00
2024-10-20 03:00:00,Denmark,Denmark,DK,48.01,79.59,91.02,77.75,entsoe.eu,False,,2024-10-20 03:00:00
2024-10-20 04:00:00,Denmark,Denmark,DK,49.62,81.8,90.31,77.27,entsoe.eu,False,,2024-10-20 04:00:00
2024-10-20 05:00:00,Denmark,Denmark,DK,48.15,80.08,90.93,78.97,entsoe.eu,False,,2024-10-20 05:00:00
2024-10-20 06:00:00,Denmark,Denmark,DK,50.66,85.89,90.32,77.76,entsoe.eu,False,,2024-10-20 06:00:00
2024-10-20 07:00:00,Denmark,Denmark,DK,48.04,83.0,90.86,81.02,entsoe.eu,False,,2024-10-20 07:00:00
2024-10-20 08:00:00,Denmark,Denmark,DK,46.88,79.56,92.11,83.62,entsoe.eu,False,,2024-10-20 08:00:00
2024-10-20 09:00:00,Denmark,Denmark,DK,63.03,98.98,90.75,83.84,entsoe.eu,False,,2024-10-20 09:00:00
2024-10-20 10:00:00,Denmark,Denmark,DK,68.9,107.02,89.79,82.58,entsoe.eu,False,,2024-10-20 10:00:00
2024-10-20 11:00:00,Denmark,Denmark,DK,70.31,107.65,89.65,80.26,entsoe.eu,False,,2024-10-20 11:00:00
2024-10-20 12:00:00,Denmark,Denmark,DK,82.26,121.14,88.01,82.36,entsoe.eu,False,,2024-10-20 12:00:00
2024-10-20 13:00:00,Denmark,Denmark,DK,77.55,113.8,88.18,83.94,entsoe.eu,False,,2024-10-20 13:00:00
2024-10-20 14:00:00,Denmark,Denmark,DK,41.88,67.06,92.81,86.18,entsoe.eu,False,,2024-10-20 14:00:00
2024-10-20 15:00:00,Denmark,Denmark,DK,42.19,66.09,92.87,85.68,entsoe.eu,False,,2024-10-20 15:00:00
2024-10-20 16:00:00,Denmark,Denmark,DK,42.16,65.92,92.83,86.69,entsoe.eu,False,,2024-10-20 16:00:00
2024-10-20 17:00:00,Denmark,Denmark,DK,39.32,62.23,93.41,88.23,entsoe.eu,False,,2024-10-20 17:00:00
2024-10-20 18:00:00,Denmark,Denmark,DK,42.15,65.21,93.37,88.62,entsoe.eu,False,,2024-10-20 18:00:00
2024-10-20 19:00:00,Denmark,Denmark,DK,44.39,67.56,93.19,88.33,entsoe.eu,False,,2024-10-20 19:00:00
2024-10-20 20:00:00,Denmark,Denmark,DK,32.86,53.29,94.79,90.15,entsoe.eu,False,,2024-10-20 20:00:00
2024-10-20 21:00:00,Denmark,Denmark,DK,26.18,45.8,95.71,90.82,entsoe.eu,False,,2024-10-20 21:00:00
2024-10-20 22:00:00,Denmark,Denmark,DK,45.69,70.24,92.68,85.68,entsoe.eu,False,,2024-10-20 22:00:00
2024-10-20 23:00:00,Denmark,Denmark,DK,47.27,72.86,91.59,84.1,entsoe.eu,False,,2024-10-20 23:00:00
2024-10-21 00:00:00,Denmark,Denmark,DK,58.33,86.43,90.11,83.19,entsoe.eu,False,,2024-10-21 00:00:00
2024-10-21 01:00:00,Denmark,Denmark,DK,60.98,89.24,90.09,83.01,entsoe.eu,False,,2024-10-21 01:00:00
2024-10-21 02:00:00,Denmark,Denmark,DK,56.94,84.61,90.65,83.49,entsoe.eu,False,,2024-10-21 02:00:00
2024-10-21 03:00:00,Denmark,Denmark,DK,31.61,53.18,94.39,89.21,entsoe.eu,False,,2024-10-21 03:00:00
2024-10-21 04:00:00,Denmark,Denmark,DK,33.07,54.07,94.46,90.44,entsoe.eu,False,,2024-10-21 04:00:00
2024-10-21 05:00:00,Denmark,Denmark,DK,33.07,55.04,94.38,89.17,entsoe.eu,False,,2024-10-21 05:00:00
2024-10-21 06:00:00,Denmark,Denmark,DK,33.27,58.25,94.34,88.96,entsoe.eu,False,,2024-10-21 06:00:00
2024-10-21 07:00:00,Denmark,Denmark,DK,35.89,61.95,94.18,88.59,entsoe.eu,False,,2024-10-21 07:00:00
2024-10-21 08:00:00,Denmark,Denmark,DK,26.7,52.42,95.47,90.45,entsoe.eu,False,,2024-10-21 08:00:00
2024-10-21 09:00:00,Denmark,Denmark,DK,23.29,48.48,96.01,90.91,entsoe.eu,False,,2024-10-21 09:00:00
2024-10-21 10:00:00,Denmark,Denmark,DK,27.2,53.1,95.55,90.45,entsoe.eu,False,,2024-10-21 10:00:00
2024-10-21 11:00:00,Denmark,Denmark,DK,25.57,51.07,95.67,90.68,entsoe.eu,False,,2024-10-21 11:00:00
2024-10-21 12:00:00,Denmark,Denmark,DK,28.77,55.29,95.13,90.1,entsoe.eu,False,,2024-10-21 12:00:00
2024-10-21 13:00:00,Denmark,Denmark,DK,37.24,65.5,93.74,88.56,entsoe.eu,False,,2024-10-21 13:00:00
2024-10-21 14:00:00,Denmark,Denmark,DK,43.92,76.63,92.51,87.5,entsoe.eu,False,,2024-10-21 14:00:00
2024-10-21 15:00:00,Denmark,Denmark,DK,65.07,101.46,88.76,82.75,entsoe.eu,False,,2024-10-21 15:00:00
2024-10-21 16:00:00,Denmark,Denmark,DK,78.21,124.4,85.36,78.33,entsoe.eu,False,,2024-10-21 16:00:00
2024-10-21 17:00:00,Denmark,Denmark,DK,81.18,130.51,85.27,78.55,entsoe.eu,False,,2024-10-21 17:00:00
2024-10-21 18:00:00,Denmark,Denmark,DK,100.33,154.33,81.43,74.65,entsoe.eu,False,,2024-10-21 18:00:00
2024-10-21 19:00:00,Denmark,Denmark,DK,97.56,152.69,82.03,74.09,entsoe.eu,False,,2024-10-21 19:00:00
2024-10-21 20:00:00,Denmark,Denmark,DK,102.89,159.43,81.35,73.11,entsoe.eu,False,,2024-10-21 20:00:00
2024-10-21 21:00:00,Denmark,Denmark,DK,61.39,113.44,89.4,79.25,entsoe.eu,False,,2024-10-21 21:00:00
2024-10-21 22:00:00,Denmark,Denmark,DK,86.87,139.56,85.14,74.41,entsoe.eu,False,,2024-10-21 22:00:00
2024-10-21 23:00:00,Denmark,Denmark,DK,85.2,140.06,85.45,73.86,entsoe.eu,False,,2024-10-21 23:00:00
2024-10-22 00:00:00,Denmark,Denmark,DK,68.69,120.21,87.87,75.07,entsoe.eu,False,,2024-10-22 00:00:00
2024-10-22 01:00:00,Denmark,Denmark,DK,58.87,107.32,89.64,76.88,entsoe.eu,False,,2024-10-22 01:00:00
2024-10-22 02:00:00,Denmark,Denmark,DK,58.25,104.1,89.63,77.17,entsoe.eu,False,,2024-10-22 02:00:00
2024-10-22 03:00:00,Denmark,Denmark,DK,59.77,108.76,89.26,76.87,entsoe.eu,False,,2024-10-22 03:00:00
2024-10-22 04:00:00,Denmark,Denmark,DK,78.81,133.02,86.63,75.89,entsoe.eu,False,,2024-10-22 04:00:00
2024-10-22 05:00:00,Denmark,Denmark,DK,115.52,174.31,81.27,75.21,entsoe.eu,False,,2024-10-22 05:00:00
2024-10-22 06:00:00,Denmark,Denmark,DK,141.01,200.73,79.28,74.99,entsoe.eu,False,,2024-10-22 06:00:00
2024-10-22 07:00:00,Denmark,Denmark,DK,108.64,165.39,83.31,79.21,entsoe.eu,False,,2024-10-22 07:00:00
2024-10-22 08:00:00,Denmark,Denmark,DK,66.65,116.92,89.35,85.88,entsoe.eu,False,,2024-10-22 08:00:00
2024-10-22 09:00:00,Denmark,Denmark,DK,55.32,98.36,91.09,88.04,entsoe.eu,False,,2024-10-22 09:00:00
2024-10-22 10:00:00,Denmark,Denmark,DK,48.54,89.26,92.15,89.71,entsoe.eu,False,,2024-10-22 10:00:00
2024-10-22 11:00:00,Denmark,Denmark,DK,55.0,96.13,91.39,88.91,entsoe.eu,False,,2024-10-22 11:00:00
2024-10-22 12:00:00,Denmark,Denmark,DK,44.71,83.6,92.52,89.93,entsoe.eu,False,,2024-10-22 12:00:00
2024-10-22 13:00:00,Denmark,Denmark,DK,36.8,71.32,93.56,90.66,entsoe.eu,False,,2024-10-22 13:00:00
2024-10-22 14:00:00,Denmark,Denmark,DK,37.27,71.11,93.48,88.76,entsoe.eu,False,,2024-10-22 14:00:00
2024-10-22 15:00:00,Denmark,Denmark,DK,50.22,89.36,90.68,84.69,entsoe.eu,False,,2024-10-22 15:00:00
2024-10-22 16:00:00,Denmark,Denmark,DK,63.03,104.63,89.03,83.08,entsoe.eu,False,,2024-10-22 16:00:00
2024-10-22 17:00:00,Denmark,Denmark,DK,62.25,99.56,89.19,83.62,entsoe.eu,False,,2024-10-22 17:00:00
2024-10-22 18:00:00,Denmark,Denmark,DK,59.65,95.18,89.66,83.66,entsoe.eu,False,,2024-10-22 18:00:00
2024-10-22 19:00:00,Denmark,Denmark,DK,54.75,90.33,90.6,84.21,entsoe.eu,False,,2024-10-22 19:00:00
2024-10-22 20:00:00,Denmark,Denmark,DK,50.66,83.2,91.71,85.22,entsoe.eu,False,,2024-10-22 20:00:00
2024-10-22 21:00:00,Denmark,Denmark,DK,38.46,71.74,93.49,87.06,entsoe.eu,False,,2024-10-22 21:00:00
2024-10-22 22:00:00,Denmark,Denmark,DK,37.49,71.0,93.67,86.37,entsoe.eu,False,,2024-10-22 22:00:00
2024-10-22 23:00:00,Denmark,Denmark,DK,39.89,78.32,93.28,85.78,entsoe.eu,False,,2024-10-22 23:00:00
2024-10-23 00:00:00,Denmark,Denmark,DK,41.82,83.44,92.95,85.31,entsoe.eu,False,,2024-10-23 00:00:00
2024-10-23 01:00:00,Denmark,Denmark,DK,42.97,83.98,92.76,85.04,entsoe.eu,False,,2024-10-23 01:00:00
2024-10-23 02:00:00,Denmark,Denmark,DK,43.83,83.58,92.64,84.55,entsoe.eu,False,,2024-10-23 02:00:00
2024-10-23 03:00:00,Denmark,Denmark,DK,47.07,87.89,91.9,83.97,entsoe.eu,False,,2024-10-23 03:00:00
2024-10-23 04:00:00,Denmark,Denmark,DK,69.73,117.67,87.71,80.14,entsoe.eu,False,,2024-10-23 04:00:00
2024-10-23 05:00:00,Denmark,Denmark,DK,84.31,137.6,83.17,75.51,entsoe.eu,False,,2024-10-23 05:00:00
2024-10-23 06:00:00,Denmark,Denmark,DK,84.93,138.2,83.09,75.83,entsoe.eu,False,,2024-10-23 06:00:00
2024-10-23 07:00:00,Denmark,Denmark,DK,68.41,116.89,87.81,81.11,entsoe.eu,False,,2024-10-23 07:00:00
2024-10-23 08:00:00,Denmark,Denmark,DK,70.22,119.78,87.95,81.57,entsoe.eu,False,,2024-10-23 08:00:00
2024-10-23 09:00:00,Denmark,Denmark,DK,62.47,113.84,88.68,82.68,entsoe.eu,False,,2024-10-23 09:00:00
2024-10-23 10:00:00,Denmark,Denmark,DK,61.38,113.17,88.76,83.09,entsoe.eu,False,,2024-10-23 10:00:00
2024-10-23 11:00:00,Denmark,Denmark,DK,44.6,90.48,92.19,86.57,entsoe.eu,False,,2024-10-23 11:00:00
2024-10-23 12:00:00,Denmark,Denmark,DK,38.72,81.76,93.39,87.54,entsoe.eu,False,,2024-10-23 12:00:00
2024-10-23 13:00:00,Denmark,Denmark,DK,47.09,92.57,91.72,85.63,entsoe.eu,False,,2024-10-23 13:00:00
2024-10-23 14:00:00,Denmark,Denmark,DK,64.2,114.3,88.09,81.37,entsoe.eu,False,,2024-10-23 14:00:00
2024-10-23 15:00:00,Denmark,Denmark,DK,82.69,136.67,84.47,77.28,entsoe.eu,False,,2024-10-23 15:00:00
2024-10-23 16:00:00,Denmark,Denmark,DK,86.7,141.06,83.04,75.64,entsoe.eu,False,,2024-10-23 16:00:00
2024-10-23 17:00:00,Denmark,Denmark,DK,86.64,140.83,83.59,77.27,entsoe.eu,False,,2024-10-23 17:00:00
2024-10-23 18:00:00,Denmark,Denmark,DK,80.59,132.75,84.99,78.27,entsoe.eu,False,,2024-10-23 18:00:00
2024-10-23 19:00:00,Denmark,Denmark,DK,71.01,120.35,87.51,80.75,entsoe.eu,False,,2024-10-23 19:00:00
2024-10-23 20:00:00,Denmark,Denmark,DK,65.31,112.63,88.85,81.61,entsoe.eu,False,,2024-10-23 20:00:00
2024-10-23 21:00:00,Denmark,Denmark,DK,49.41,96.83,91.57,83.57,entsoe.eu,False,,2024-10-23 21:00:00
2024-10-23 22:00:00,Denmark,Denmark,DK,46.86,90.65,91.8,83.16,entsoe.eu,False,,2024-10-23 22:00:00
2024-10-23 23:00:00,Denmark,Denmark,DK,49.68,91.24,91.11,81.48,entsoe.eu,False,,2024-10-23 23:00:00
2024-10-24 00:00:00,Denmark,Denmark,DK,48.76,92.12,91.42,81.67,entsoe.eu,False,,2024-10-24 00:00:00
2024-10-24 01:00:00,Denmark,Denmark,DK,55.72,104.6,89.6,79.57,entsoe.eu,False,,2024-10-24 01:00:00
2024-10-24 02:00:00,Denmark,Denmark,DK,53.28,101.89,90.18,79.92,entsoe.eu,False,,2024-10-24 02:00:00
2024-10-24 03:00:00,Denmark,Denmark,DK,54.8,106.65,89.76,79.73,entsoe.eu,False,,2024-10-24 03:00:00
2024-10-24 04:00:00,Denmark,Denmark,DK,81.44,137.73,84.89,77.57,entsoe.eu,False,,2024-10-24 04:00:00
2024-10-24 05:00:00,Denmark,Denmark,DK,90.35,152.22,82.45,75.88,entsoe.eu,False,,2024-10-24 05:00:00
2024-10-24 06:00:00,Denmark,Denmark,DK,98.17,165.29,80.92,75.2,entsoe.eu,False,,2024-10-24 06:00:00
2024-10-24 07:00:00,Denmark,Denmark,DK,102.24,168.24,81.27,76.5,entsoe.eu,False,,2024-10-24 07:00:00
2024-10-24 08:00:00,Denmark,Denmark,DK,87.21,152.59,84.71,79.92,entsoe.eu,False,,2024-10-24 08:00:00
2024-10-24 09:00:00,Denmark,Denmark,DK,62.01,125.97,89.07,84.34,entsoe.eu,False,,2024-10-24 09:00:00
2024-10-24 10:00:00,Denmark,Denmark,DK,58.36,121.86,89.9,85.17,entsoe.eu,False,,2024-10-24 10:00:00
2024-10-24 11:00:00,Denmark,Denmark,DK,57.89,121.52,89.96,85.12,entsoe.eu,False,,2024-10-24 11:00:00
2024-10-24 12:00:00,Denmark,Denmark,DK,59.46,121.64,89.78,84.98,entsoe.eu,False,,2024-10-24 12:00:00
2024-10-24 13:00:00,Denmark,Denmark,DK,77.68,140.98,87.25,82.67,entsoe.eu,False,,2024-10-24 13:00:00
2024-10-24 14:00:00,Denmark,Denmark,DK,84.52,154.49,85.56,81.13,entsoe.eu,False,,2024-10-24 14:00:00
2024-10-24 15:00:00,Denmark,Denmark,DK,104.59,176.36,80.7,75.2,entsoe.eu,False,,2024-10-24 15:00:00
2024-10-24 16:00:00,Denmark,Denmark,DK,90.78,159.82,83.67,79.34,entsoe.eu,False,,2024-10-24 16:00:00
2024-10-24 17:00:00,Denmark,Denmark,DK,80.24,145.67,85.69,80.94,entsoe.eu,False,,2024-10-24 17:00:00
2024-10-24 18:00:00,Denmark,Denmark,DK,70.49,131.44,87.79,82.52,entsoe.eu,False,,2024-10-24 18:00:00
2024-10-24 19:00:00,Denmark,Denmark,DK,51.99,112.53,90.5,84.82,entsoe.eu,False,,2024-10-24 19:00:00
2024-10-24 20:00:00,Denmark,Denmark,DK,47.86,99.66,91.77,86.58,entsoe.eu,False,,2024-10-24 20:00:00
2024-10-24 21:00:00,Denmark,Denmark,DK,46.1,99.81,92.27,86.46,entsoe.eu,False,,2024-10-24 21:00:00
2024-10-24 22:00:00,Denmark,Denmark,DK,47.22,100.68,92.1,85.34,entsoe.eu,False,,2024-10-24 22:00:00
2024-10-24 23:00:00,Denmark,Denmark,DK,48.8,107.12,91.85,84.94,entsoe.eu,False,,2024-10-24 23:00:00
2024-10-25 00:00:00,Denmark,Denmark,DK,52.03,106.18,91.31,84.42,entsoe.eu,False,,2024-10-25 00:00:00
2024-10-25 01:00:00,Denmark,Denmark,DK,54.8,111.74,90.67,83.72,entsoe.eu,False,,2024-10-25 01:00:00
2024-10-25 02:00:00,Denmark,Denmark,DK,67.95,127.54,88.46,81.08,entsoe.eu,False,,2024-10-25 02:00:00
2024-10-25 03:00:00,Denmark,Denmark,DK,83.96,152.26,85.45,78.3,entsoe.eu,False,,2024-10-25 03:00:00
2024-10-25 04:00:00,Denmark,Denmark,DK,111.74,183.46,79.6,72.4,entsoe.eu,False,,2024-10-25 04:00:00
2024-10-25 05:00:00,Denmark,Denmark,DK,129.3,205.01,74.07,65.91,entsoe.eu,False,,2024-10-25 05:00:00
2024-10-25 06:00:00,Denmark,Denmark,DK,134.5,212.23,73.73,66.88,entsoe.eu,False,,2024-10-25 06:00:00
2024-10-25 07:00:00,Denmark,Denmark,DK,137.06,205.16,76.19,70.32,entsoe.eu,False,,2024-10-25 07:00:00
2024-10-25 08:00:00,Denmark,Denmark,DK,120.66,188.31,80.46,75.04,entsoe.eu,False,,2024-10-25 08:00:00
2024-10-25 09:00:00,Denmark,Denmark,DK,102.09,165.87,85.31,79.72,entsoe.eu,False,,2024-10-25 09:00:00
2024-10-25 10:00:00,Denmark,Denmark,DK,103.15,168.85,85.39,79.8,entsoe.eu,False,,2024-10-25 10:00:00
2024-10-25 11:00:00,Denmark,Denmark,DK,89.69,148.88,86.92,80.1,entsoe.eu,False,,2024-10-25 11:00:00
2024-10-25 12:00:00,Denmark,Denmark,DK,75.38,130.43,87.59,79.94,entsoe.eu,False,,2024-10-25 12:00:00
2024-10-25 13:00:00,Denmark,Denmark,DK,101.41,164.03,82.98,76.41,entsoe.eu,False,,2024-10-25 13:00:00
2024-10-25 14:00:00,Denmark,Denmark,DK,121.82,190.2,78.16,72.3,entsoe.eu,False,,2024-10-25 14:00:00
2024-10-25 15:00:00,Denmark,Denmark,DK,147.79,227.57,70.84,64.16,entsoe.eu,False,,2024-10-25 15:00:00
2024-10-25 16:00:00,Denmark,Denmark,DK,140.8,219.72,71.6,62.72,entsoe.eu,False,,2024-10-25 16:00:00
2024-10-25 17:00:00,Denmark,Denmark,DK,142.22,217.44,73.11,65.71,entsoe.eu,False,,2024-10-25 17:00:00
2024-10-25 18:00:00,Denmark,Denmark,DK,143.04,219.05,73.13,64.91,entsoe.eu,False,,2024-10-25 18:00:00
2024-10-25 19:00:00,Denmark,Denmark,DK,138.19,212.75,74.41,65.68,entsoe.eu,False,,2024-10-25 19:00:00
2024-10-25 20:00:00,Denmark,Denmark,DK,141.65,216.07,74.27,65.33,entsoe.eu,False,,2024-10-25 20:00:00
2024-10-25 21:00:00,Denmark,Denmark,DK,142.16,212.73,75.87,66.42,entsoe.eu,False,,2024-10-25 21:00:00
2024-10-25 22:00:00,Denmark,Denmark,DK,150.07,218.19,75.09,64.06,entsoe.eu,False,,2024-10-25 22:00:00
2024-10-25 23:00:00,Denmark,Denmark,DK,148.31,215.54,75.43,64.38,entsoe.eu,False,,2024-10-25 23:00:00
2024-10-26 00:00:00,Denmark,Denmark,DK,148.72,215.63,75.29,64.52,entsoe.eu,False,,2024-10-26 00:00:00
2024-10-26 01:00:00,Denmark,Denmark,DK,152.63,221.0,74.46,63.94,entsoe.eu,False,,2024-10-26 01:00:00
2024-10-26 02:00:00,Denmark,Denmark,DK,143.77,211.34,75.62,64.23,entsoe.eu,False,,2024-10-26 02:00:00
2024-10-26 03:00:00,Denmark,Denmark,DK,142.45,210.67,74.84,62.3,entsoe.eu,False,,2024-10-26 03:00:00
2024-10-26 04:00:00,Denmark,Denmark,DK,142.68,214.21,72.98,60.0,entsoe.eu,False,,2024-10-26 04:00:00
2024-10-26 05:00:00,Denmark,Denmark,DK,148.1,220.66,72.0,59.53,entsoe.eu,False,,2024-10-26 05:00:00
2024-10-26 06:00:00,Denmark,Denmark,DK,130.73,197.73,76.86,68.13,entsoe.eu,False,,2024-10-26 06:00:00
2024-10-26 07:00:00,Denmark,Denmark,DK,124.25,190.98,79.89,70.35,entsoe.eu,False,,2024-10-26 07:00:00
2024-10-26 08:00:00,Denmark,Denmark,DK,109.85,167.4,81.5,73.43,entsoe.eu,False,,2024-10-26 08:00:00
2024-10-26 09:00:00,Denmark,Denmark,DK,80.22,133.25,86.64,78.63,entsoe.eu,False,,2024-10-26 09:00:00
2024-10-26 10:00:00,Denmark,Denmark,DK,81.76,135.98,87.1,80.33,entsoe.eu,False,,2024-10-26 10:00:00
2024-10-26 11:00:00,Denmark,Denmark,DK,82.65,137.24,86.86,80.61,entsoe.eu,False,,2024-10-26 11:00:00
2024-10-26 12:00:00,Denmark,Denmark,DK,88.08,138.54,86.12,79.69,entsoe.eu,False,,2024-10-26 12:00:00
2024-10-26 13:00:00,Denmark,Denmark,DK,103.41,159.0,83.97,77.03,entsoe.eu,False,,2024-10-26 13:00:00
2024-10-26 14:00:00,Denmark,Denmark,DK,131.18,192.67,78.62,70.79,entsoe.eu,False,,2024-10-26 14:00:00
2024-10-26 15:00:00,Denmark,Denmark,DK,104.3,165.0,80.56,70.67,entsoe.eu,False,,2024-10-26 15:00:00
2024-10-26 16:00:00,Denmark,Denmark,DK,96.71,153.31,82.66,74.41,entsoe.eu,False,,2024-10-26 16:00:00
2024-10-26 17:00:00,Denmark,Denmark,DK,96.34,153.47,82.37,74.92,entsoe.eu,False,,2024-10-26 17:00:00
2024-10-26 18:00:00,Denmark,Denmark,DK,78.31,127.11,85.75,77.83,entsoe.eu,False,,2024-10-26 18:00:00
2024-10-26 19:00:00,Denmark,Denmark,DK,55.45,102.88,90.2,82.38,entsoe.eu,False,,2024-10-26 19:00:00
2024-10-26 20:00:00,Denmark,Denmark,DK,51.21,100.16,91.05,83.39,entsoe.eu,False,,2024-10-26 20:00:00
2024-10-26 21:00:00,Denmark,Denmark,DK,46.84,90.09,92.08,83.96,entsoe.eu,False,,2024-10-26 21:00:00
2024-10-26 22:00:00,Denmark,Denmark,DK,48.63,84.28,91.8,83.8,entsoe.eu,False,,2024-10-26 22:00:00
2024-10-26 23:00:00,Denmark,Denmark,DK,46.09,80.73,92.22,84.34,entsoe.eu,False,,2024-10-26 23:00:00
2024-10-27 00:00:00,Denmark,Denmark,DK,48.71,84.18,91.79,83.37,entsoe.eu,False,,2024-10-27 00:00:00
2024-10-27 01:00:00,Denmark,Denmark,DK,53.27,89.15,91.06,84.68,entsoe.eu,False,,2024-10-27 01:00:00
2024-10-27 02:00:00,Denmark,Denmark,DK,54.42,91.47,90.89,83.32,entsoe.eu,False,,2024-10-27 02:00:00
2024-10-27 03:00:00,Denmark,Denmark,DK,63.87,103.43,88.92,80.09,entsoe.eu,False,,2024-10-27 03:00:00
2024-10-27 04:00:00,Denmark,Denmark,DK,75.24,116.4,87.32,79.05,entsoe.eu,False,,2024-10-27 04:00:00
2024-10-27 05:00:00,Denmark,Denmark,DK,57.58,96.58,90.3,82.59,entsoe.eu,False,,2024-10-27 05:00:00
2024-10-27 06:00:00,Denmark,Denmark,DK,52.5,94.4,91.02,82.65,entsoe.eu,False,,2024-10-27 06:00:00
2024-10-27 07:00:00,Denmark,Denmark,DK,49.47,87.42,91.54,83.85,entsoe.eu,False,,2024-10-27 07:00:00
2024-10-27 08:00:00,Denmark,Denmark,DK,43.67,78.2,92.48,85.49,entsoe.eu,False,,2024-10-27 08:00:00
2024-10-27 09:00:00,Denmark,Denmark,DK,38.37,71.42,93.35,87.82,entsoe.eu,False,,2024-10-27 09:00:00
2024-10-27 10:00:00,Denmark,Denmark,DK,35.02,67.43,93.97,88.42,entsoe.eu,False,,2024-10-27 10:00:00
2024-10-27 11:00:00,Denmark,Denmark,DK,34.06,68.8,94.12,88.24,entsoe.eu,False,,2024-10-27 11:00:00
2024-10-27 12:00:00,Denmark,Denmark,DK,32.66,65.59,94.39,89.26,entsoe.eu,False,,2024-10-27 12:00:00
2024-10-27 13:00:00,Denmark,Denmark,DK,36.92,70.9,93.73,89.11,entsoe.eu,False,,2024-10-27 13:00:00
2024-10-27 14:00:00,Denmark,Denmark,DK,41.62,80.95,92.86,88.11,entsoe.eu,False,,2024-10-27 14:00:00
2024-10-27 15:00:00,Denmark,Denmark,DK,58.25,97.83,89.5,83.33,entsoe.eu,False,,2024-10-27 15:00:00
2024-10-27 16:00:00,Denmark,Denmark,DK,69.88,114.53,87.37,81.46,entsoe.eu,False,,2024-10-27 16:00:00
2024-10-27 17:00:00,Denmark,Denmark,DK,64.41,112.52,88.42,81.32,entsoe.eu,False,,2024-10-27 17:00:00
2024-10-27 18:00:00,Denmark,Denmark,DK,76.04,128.19,85.73,77.44,entsoe.eu,False,,2024-10-27 18:00:00
2024-10-27 19:00:00,Denmark,Denmark,DK,67.98,116.31,87.79,79.49,entsoe.eu,False,,2024-10-27 19:00:00
2024-10-27 20:00:00,Denmark,Denmark,DK,73.54,119.58,86.89,78.68,entsoe.eu,False,,2024-10-27 20:00:00
2024-10-27 21:00:00,Denmark,Denmark,DK,66.54,106.93,88.71,79.91,entsoe.eu,False,,2024-10-27 21:00:00
2024-10-27 22:00:00,Denmark,Denmark,DK,49.82,90.78,91.4,80.95,entsoe.eu,False,,2024-10-27 22:00:00
2024-10-27 23:00:00,Denmark,Denmark,DK,48.99,88.5,91.38,79.39,entsoe.eu,False,,2024-10-27 23:00:00
2024-10-28 00:00:00,Denmark,Denmark,DK,48.7,87.82,91.42,79.39,entsoe.eu,False,,2024-10-28 00:00:00
2024-10-28 01:00:00,Denmark,Denmark,DK,50.48,89.16,91.09,78.99,entsoe.eu,False,,2024-10-28 01:00:00
2024-10-28 02:00:00,Denmark,Denmark,DK,53.32,92.91,90.47,77.01,entsoe.eu,False,,2024-10-28 02:00:00
2024-10-28 03:00:00,Denmark,Denmark,DK,54.74,92.95,90.63,78.48,entsoe.eu,False,,2024-10-28 03:00:00
2024-10-28 04:00:00,Denmark,Denmark,DK,60.3,95.54,89.99,79.76,entsoe.eu,False,,2024-10-28 04:00:00
2024-10-28 05:00:00,Denmark,Denmark,DK,84.98,121.42,86.27,76.33,entsoe.eu,False,,2024-10-28 05:00:00
2024-10-28 06:00:00,Denmark,Denmark,DK,93.68,133.35,84.91,77.46,entsoe.eu,False,,2024-10-28 06:00:00
2024-10-28 07:00:00,Denmark,Denmark,DK,78.29,118.58,87.32,78.53,entsoe.eu,False,,2024-10-28 07:00:00
2024-10-28 08:00:00,Denmark,Denmark,DK,72.27,115.51,88.13,80.1,entsoe.eu,False,,2024-10-28 08:00:00
2024-10-28 09:00:00,Denmark,Denmark,DK,66.45,115.82,89.19,82.7,entsoe.eu,False,,2024-10-28 09:00:00
2024-10-28 10:00:00,Denmark,Denmark,DK,57.79,105.05,90.35,81.96,entsoe.eu,False,,2024-10-28 10:00:00
2024-10-28 11:00:00,Denmark,Denmark,DK,59.34,107.2,90.11,81.92,entsoe.eu,False,,2024-10-28 11:00:00
2024-10-28 12:00:00,Denmark,Denmark,DK,101.94,155.8,84.6,75.63,entsoe.eu,False,,2024-10-28 12:00:00
2024-10-28 13:00:00,Denmark,Denmark,DK,83.64,139.43,86.74,77.98,entsoe.eu,False,,2024-10-28 13:00:00
2024-10-28 14:00:00,Denmark,Denmark,DK,92.93,152.18,84.51,74.95,entsoe.eu,False,,2024-10-28 14:00:00
2024-10-28 15:00:00,Denmark,Denmark,DK,86.7,149.11,84.46,76.01,entsoe.eu,False,,2024-10-28 15:00:00
2024-10-28 16:00:00,Denmark,Denmark,DK,91.91,157.69,82.76,74.63,entsoe.eu,False,,2024-10-28 16:00:00
2024-10-28 17:00:00,Denmark,Denmark,DK,90.61,158.42,83.62,75.47,entsoe.eu,False,,2024-10-28 17:00:00
2024-10-28 18:00:00,Denmark,Denmark,DK,89.2,155.39,83.86,74.25,entsoe.eu,False,,2024-10-28 18:00:00
2024-10-28 19:00:00,Denmark,Denmark,DK,88.78,155.04,84.22,74.33,entsoe.eu,False,,2024-10-28 19:00:00
2024-10-28 20:00:00,Denmark,Denmark,DK,87.57,153.74,84.63,74.0,entsoe.eu,False,,2024-10-28 20:00:00
2024-10-28 21:00:00,Denmark,Denmark,DK,89.32,152.42,84.86,72.9,entsoe.eu,False,,2024-10-28 21:00:00
2024-10-28 22:00:00,Denmark,Denmark,DK,92.05,153.14,85.47,72.97,entsoe.eu,False,,2024-10-28 22:00:00
2024-10-28 23:00:00,Denmark,Denmark,DK,108.03,173.11,83.95,70.69,entsoe.eu,False,,2024-10-28 23:00:00
2024-10-29 00:00:00,Denmark,Denmark,DK,104.23,169.28,84.32,70.4,entsoe.eu,False,,2024-10-29 00:00:00
2024-10-29 01:00:00,Denmark,Denmark,DK,107.36,170.37,83.77,69.41,entsoe.eu,False,,2024-10-29 01:00:00
2024-10-29 02:00:00,Denmark,Denmark,DK,90.65,157.44,85.52,71.52,entsoe.eu,False,,2024-10-29 02:00:00
2024-10-29 03:00:00,Denmark,Denmark,DK,91.12,155.6,85.26,71.7,entsoe.eu,False,,2024-10-29 03:00:00
2024-10-29 04:00:00,Denmark,Denmark,DK,92.59,160.83,83.59,68.58,entsoe.eu,False,,2024-10-29 04:00:00
2024-10-29 05:00:00,Denmark,Denmark,DK,104.44,183.17,79.93,66.53,entsoe.eu,False,,2024-10-29 05:00:00
2024-10-29 06:00:00,Denmark,Denmark,DK,130.14,214.62,74.99,63.9,entsoe.eu,False,,2024-10-29 06:00:00
2024-10-29 07:00:00,Denmark,Denmark,DK,133.59,221.24,72.65,63.53,entsoe.eu,False,,2024-10-29 07:00:00
2024-10-29 08:00:00,Denmark,Denmark,DK,131.93,210.73,75.68,65.6,entsoe.eu,False,,2024-10-29 08:00:00
2024-10-29 09:00:00,Denmark,Denmark,DK,129.49,202.68,79.85,71.48,entsoe.eu,False,,2024-10-29 09:00:00
2024-10-29 10:00:00,Denmark,Denmark,DK,123.94,197.47,80.33,74.17,entsoe.eu,False,,2024-10-29 10:00:00
2024-10-29 11:00:00,Denmark,Denmark,DK,95.15,160.69,83.81,77.05,entsoe.eu,False,,2024-10-29 11:00:00
2024-10-29 12:00:00,Denmark,Denmark,DK,84.32,145.99,85.07,75.11,entsoe.eu,False,,2024-10-29 12:00:00
2024-10-29 13:00:00,Denmark,Denmark,DK,95.66,163.87,81.43,71.37,entsoe.eu,False,,2024-10-29 13:00:00
2024-10-29 14:00:00,Denmark,Denmark,DK,105.48,174.76,78.63,68.88,entsoe.eu,False,,2024-10-29 14:00:00
2024-10-29 15:00:00,Denmark,Denmark,DK,100.3,171.01,80.45,71.94,entsoe.eu,False,,2024-10-29 15:00:00
2024-10-29 16:00:00,Denmark,Denmark,DK,106.06,178.35,77.95,68.88,entsoe.eu,False,,2024-10-29 16:00:00
2024-10-29 17:00:00,Denmark,Denmark,DK,105.71,176.59,78.13,68.36,entsoe.eu,False,,2024-10-29 17:00:00
2024-10-29 18:00:00,Denmark,Denmark,DK,92.3,157.26,81.86,72.78,entsoe.eu,False,,2024-10-29 18:00:00
2024-10-29 19:00:00,Denmark,Denmark,DK,79.89,137.3,85.58,76.82,entsoe.eu,False,,2024-10-29 19:00:00
2024-10-29 20:00:00,Denmark,Denmark,DK,69.27,123.2,88.0,79.06,entsoe.eu,False,,2024-10-29 20:00:00
2024-10-29 21:00:00,Denmark,Denmark,DK,65.65,117.84,88.81,80.2,entsoe.eu,False,,2024-10-29 21:00:00
2024-10-29 22:00:00,Denmark,Denmark,DK,63.28,115.52,89.3,80.87,entsoe.eu,False,,2024-10-29 22:00:00
2024-10-29 23:00:00,Denmark,Denmark,DK,58.42,108.26,90.31,81.24,entsoe.eu,False,,2024-10-29 23:00:00
2024-10-30 00:00:00,Denmark,Denmark,DK,46.8,92.29,92.28,82.84,entsoe.eu,False,,2024-10-30 00:00:00
2024-10-30 01:00:00,Denmark,Denmark,DK,39.19,82.92,93.4,84.88,entsoe.eu,False,,2024-10-30 01:00:00
2024-10-30 02:00:00,Denmark,Denmark,DK,38.93,79.36,93.45,84.77,entsoe.eu,False,,2024-10-30 02:00:00
2024-10-30 03:00:00,Denmark,Denmark,DK,38.9,78.44,93.46,84.52,entsoe.eu,False,,2024-10-30 03:00:00
2024-10-30 04:00:00,Denmark,Denmark,DK,37.73,77.88,93.63,85.41,entsoe.eu,False,,2024-10-30 04:00:00
2024-10-30 05:00:00,Denmark,Denmark,DK,37.95,77.8,93.62,86.15,entsoe.eu,False,,2024-10-30 05:00:00
2024-10-30 06:00:00,Denmark,Denmark,DK,48.81,90.67,92.06,84.93,entsoe.eu,False,,2024-10-30 06:00:00
2024-10-30 07:00:00,Denmark,Denmark,DK,49.05,91.3,91.95,85.7,entsoe.eu,False,,2024-10-30 07:00:00
2024-10-30 08:00:00,Denmark,Denmark,DK,41.13,78.47,93.13,86.45,entsoe.eu,False,,2024-10-30 08:00:00
2024-10-30 09:00:00,Denmark,Denmark,DK,33.11,65.97,94.38,87.71,entsoe.eu,False,,2024-10-30 09:00:00
2024-10-30 10:00:00,Denmark,Denmark,DK,30.39,61.25,94.79,88.52,entsoe.eu,False,,2024-10-30 10:00:00
2024-10-30 11:00:00,Denmark,Denmark,DK,31.05,61.82,94.71,88.68,entsoe.eu,False,,2024-10-30 11:00:00
2024-10-30 12:00:00,Denmark,Denmark,DK,31.91,62.42,94.57,88.12,entsoe.eu,False,,2024-10-30 12:00:00
2024-10-30 13:00:00,Denmark,Denmark,DK,36.19,68.97,93.84,86.99,entsoe.eu,False,,2024-10-30 13:00:00
2024-10-30 14:00:00,Denmark,Denmark,DK,50.84,89.23,91.26,84.49,entsoe.eu,False,,2024-10-30 14:00:00
2024-10-30 15:00:00,Denmark,Denmark,DK,56.27,99.48,90.11,82.97,entsoe.eu,False,,2024-10-30 15:00:00
2024-10-30 16:00:00,Denmark,Denmark,DK,56.72,105.86,89.88,82.7,entsoe.eu,False,,2024-10-30 16:00:00
2024-10-30 17:00:00,Denmark,Denmark,DK,57.54,107.74,89.67,83.04,entsoe.eu,False,,2024-10-30 17:00:00
2024-10-30 18:00:00,Denmark,Denmark,DK,58.91,109.31,89.4,82.34,entsoe.eu,False,,2024-10-30 18:00:00
2024-10-30 19:00:00,Denmark,Denmark,DK,59.57,108.93,89.3,81.58,entsoe.eu,False,,2024-10-30 19:00:00
2024-10-30 20:00:00,Denmark,Denmark,DK,61.09,111.4,89.12,81.47,entsoe.eu,False,,2024-10-30 20:00:00
2024-10-30 21:00:00,Denmark,Denmark,DK,62.72,113.68,88.86,80.01,entsoe.eu,False,,2024-10-30 21:00:00
2024-10-30 22:00:00,Denmark,Denmark,DK,63.05,112.67,89.22,78.92,entsoe.eu,False,,2024-10-30 22:00:00
2024-10-30 23:00:00,Denmark,Denmark,DK,58.68,105.98,90.14,79.65,entsoe.eu,False,,2024-10-30 23:00:00
2024-10-31 00:00:00,Denmark,Denmark,DK,48.08,92.85,91.49,81.2,entsoe.eu,False,,2024-10-31 00:00:00
2024-10-31 01:00:00,Denmark,Denmark,DK,43.02,86.68,92.16,82.29,entsoe.eu,False,,2024-10-31 01:00:00
2024-10-31 02:00:00,Denmark,Denmark,DK,40.0,80.01,92.92,83.07,entsoe.eu,False,,2024-10-31 02:00:00
2024-10-31 03:00:00,Denmark,Denmark,DK,38.75,78.06,93.1,83.4,entsoe.eu,False,,2024-10-31 03:00:00
2024-10-31 04:00:00,Denmark,Denmark,DK,37.27,74.72,93.34,84.08,entsoe.eu,False,,2024-10-31 04:00:00
2024-10-31 05:00:00,Denmark,Denmark,DK,37.16,75.67,93.48,85.8,entsoe.eu,False,,2024-10-31 05:00:00
2024-10-31 06:00:00,Denmark,Denmark,DK,37.26,76.24,93.38,86.51,entsoe.eu,False,,2024-10-31 06:00:00
2024-10-31 07:00:00,Denmark,Denmark,DK,36.31,72.99,93.54,86.86,entsoe.eu,False,,2024-10-31 07:00:00
2024-10-31 08:00:00,Denmark,Denmark,DK,32.81,64.27,94.09,87.57,entsoe.eu,False,,2024-10-31 08:00:00
2024-10-31 09:00:00,Denmark,Denmark,DK,31.2,59.29,94.56,89.29,entsoe.eu,False,,2024-10-31 09:00:00
2024-10-31 10:00:00,Denmark,Denmark,DK,32.32,60.14,94.41,90.24,entsoe.eu,False,,2024-10-31 10:00:00
2024-10-31 11:00:00,Denmark,Denmark,DK,32.36,59.82,94.42,89.69,entsoe.eu,False,,2024-10-31 11:00:00
2024-10-31 12:00:00,Denmark,Denmark,DK,31.7,58.87,94.48,89.45,entsoe.eu,False,,2024-10-31 12:00:00
2024-10-31 13:00:00,Denmark,Denmark,DK,33.13,59.12,94.25,89.85,entsoe.eu,False,,2024-10-31 13:00:00
2024-10-31 14:00:00,Denmark,Denmark,DK,32.66,58.02,94.38,89.06,entsoe.eu,False,,2024-10-31 14:00:00
2024-10-31 15:00:00,Denmark,Denmark,DK,33.77,59.5,94.25,90.68,entsoe.eu,False,,2024-10-31 15:00:00
2024-10-31 16:00:00,Denmark,Denmark,DK,32.83,58.0,94.32,90.1,entsoe.eu,False,,2024-10-31 16:00:00
2024-10-31 17:00:00,Denmark,Denmark,DK,31.96,56.74,94.52,90.33,entsoe.eu,False,,2024-10-31 17:00:00
2024-10-31 18:00:00,Denmark,Denmark,DK,36.16,61.62,94.01,91.02,entsoe.eu,False,,2024-10-31 18:00:00
2024-10-31 19:00:00,Denmark,Denmark,DK,27.42,49.75,95.28,90.82,entsoe.eu,False,,2024-10-31 19:00:00
2024-10-31 20:00:00,Denmark,Denmark,DK,24.47,43.75,95.87,91.44,entsoe.eu,False,,2024-10-31 20:00:00
2024-10-31 21:00:00,Denmark,Denmark,DK,25.95,45.43,95.66,91.47,entsoe.eu,False,,2024-10-31 21:00:00
2024-10-31 22:00:00,Denmark,Denmark,DK,28.0,47.81,95.39,92.6,entsoe.eu,False,,2024-10-31 22:00:00
2024-10-31 23:00:00,Denmark,Denmark,DK,24.4,43.99,95.88,90.12,entsoe.eu,False,,2024-10-31 23:00:00
2024-11-01 00:00:00,Denmark,Denmark,DK,28.22,48.54,95.37,90.72,entsoe.eu,False,,2024-11-01 00:00:00
2024-11-01 01:00:00,Denmark,Denmark,DK,31.64,52.65,94.95,90.23,entsoe.eu,False,,2024-11-01 01:00:00
2024-11-01 02:00:00,Denmark,Denmark,DK,29.92,51.08,95.11,90.22,entsoe.eu,False,,2024-11-01 02:00:00
2024-11-01 03:00:00,Denmark,Denmark,DK,25.69,46.43,95.62,90.75,entsoe.eu,False,,2024-11-01 03:00:00
2024-11-01 04:00:00,Denmark,Denmark,DK,27.51,48.11,95.4,89.47,entsoe.eu,False,,2024-11-01 04:00:00
2024-11-01 05:00:00,Denmark,Denmark,DK,25.09,45.18,95.77,90.82,entsoe.eu,False,,2024-11-01 05:00:00
